orig_row,text,n_terms,dominant_topic,topic_0,topic_1,topic_2,topic_3
27191,"4 Top 7 paslaptys, kurias įmonės nenori, kad žinotumėte — Read more",5,0,0.709,0.208,0.042,0.042
10559,28 Coach explains new defensive tactics after the game,6,3,0.036,0.036,0.036,0.892
5171,"Top 7 paslaptys, kurias įmonės nenori, kad žinotumėte — You won't believe it (Berlin)",5,0,0.872,0.043,0.042,0.043
39466,88 Open-source libraries accelerate machine learning workflows analitikų teigimu,9,1,0.025,0.924,0.026,0.025
9361,31 Local team wins national championship in overtime,6,2,0.036,0.036,0.893,0.036
5120,85 Local team wins national championship in overtime,6,2,0.036,0.036,0.893,0.036
14144,Top 7 secrets companies don't want you to know — Number 5 is shocking (London),6,0,0.892,0.036,0.036,0.036
40923,66 Atviro kodo bibliotekos pagreitina mašininio mokymosi procesus,7,0,0.906,0.031,0.031,0.031
37918,79 Didelė saugumo spraga paveikė milijonus vartotojų dėl rinkos reakcijos,8,2,0.028,0.028,0.916,0.028
31393,10 Kaip pagreitinti kompiuterį paprastais triukais,4,2,0.05,0.05,0.85,0.05
19326,54 Major security breach affects millions of users worldwide po pranešimo (Paris),9,0,0.924,0.025,0.025,0.025
11035,93 Star player signs a multi-year contract with club,7,2,0.031,0.031,0.906,0.031
16586,91 Messi įmušė įspūdingą įvartį Lygų taurėje,6,3,0.036,0.036,0.036,0.893
45514,41 She did X — what happens next will shock you (Paris),2,3,0.086,0.087,0.085,0.742
26926,62 Coach explains new defensive tactics after the game,6,3,0.036,0.036,0.036,0.892
1637,Apple unveils a new iPhone with advanced camera and AI features (Berlin),9,2,0.025,0.025,0.924,0.026
10067,"24 Ji padarė X — kas nutiks toliau, pribloškia",5,2,0.042,0.042,0.875,0.042
11445,16 Treneris aiškino naują gynybos taktiką po rungtynių,6,0,0.893,0.036,0.036,0.036
1708,Didelė saugumo spraga paveikė milijonus vartotojų — analysts say (Vilnius),9,2,0.027,0.026,0.922,0.025
46157,You won't believe what happened next — You won't believe it (London),2,3,0.092,0.095,0.086,0.727
42654,42 Start-up raises $50 million to scale its AI platform,6,3,0.036,0.036,0.036,0.892
42156,74 This trick will change your life forever,1,1,0.125,0.625,0.125,0.125
8,She did X — what happens next will shock you — Find out why,1,3,0.125,0.125,0.125,0.625
24541,Vietos komanda laimėjo nacionalinį čempionatą pratęsimuose in a surprise move (Madrid),8,0,0.914,0.028,0.028,0.029
20061,65 Atviro kodo bibliotekos pagreitina mašininio mokymosi procesus,7,0,0.906,0.031,0.031,0.031
43961,"14 Top 7 paslaptys, kurias įmonės nenori, kad žinotumėte — Read more",5,0,0.709,0.208,0.042,0.042
30739,9 Messi įmušė įspūdingą įvartį Lygų taurėje,6,3,0.036,0.036,0.036,0.893
2406,74 Žvaigždė pasirašė daugiametę sutartį su klubu,5,2,0.042,0.042,0.875,0.042
5891,Treneris aiškino naują gynybos taktiką po rungtynių dėl rinkos reakcijos (London),9,0,0.923,0.025,0.026,0.026
48053,"45 Central bank cuts rates, markets rally on dovish guidance in a surprise move",9,3,0.025,0.025,0.025,0.925
1738,Šis triukas pakeis jūsų gyvenimą amžiams — Number 5 is shocking (New York),7,2,0.031,0.031,0.905,0.032
8901,29 Messi įmušė įspūdingą įvartį Lygų taurėje,6,3,0.036,0.036,0.036,0.893
3328,23 Analysts predict record profits for the banking sector dėl rinkos reakcijos (London),9,0,0.923,0.025,0.026,0.026
47687,10 Žvaigždė pasirašė daugiametę sutartį su klubu amid concerns (New York),9,2,0.025,0.025,0.924,0.025
34099,7 Startuolis pritraukė 50 mln. USD DI platformos plėtrai po pranešimo (Paris),9,3,0.025,0.025,0.025,0.924
2020,Local team wins national championship in overtime after report,7,2,0.031,0.031,0.906,0.031
48609,19 Startuolis pritraukė 50 mln. USD DI platformos plėtrai (New York),9,3,0.025,0.025,0.025,0.925
14059,7 Messi scores a stunning goal in the Champions League match,7,3,0.031,0.031,0.031,0.906
9177,31 Kaip pagreitinti kompiuterį paprastais triukais,4,2,0.05,0.05,0.85,0.05
20269,Apple unveils a new iPhone with advanced camera and AI features — analysts say (Kaunas),11,2,0.022,0.021,0.935,0.021
2156,33 This trick will change your life forever,1,1,0.125,0.625,0.125,0.125
5642,38 Top 7 secrets companies don't want you to know (London),6,0,0.892,0.036,0.036,0.036
37336,62 10 reasons you should never buy this gadget (Berlin),4,1,0.05,0.849,0.05,0.051
14288,29 You won't believe what happened next,1,3,0.125,0.125,0.125,0.625
26,Atviro kodo bibliotekos pagreitina mašininio mokymosi procesus dėl rinkos reakcijos,9,0,0.924,0.025,0.026,0.025
17125,31 Treneris aiškino naują gynybos taktiką po rungtynių amid concerns (London),9,0,0.716,0.025,0.234,0.025
7349,49 Top 7 secrets companies don't want you to know,5,0,0.875,0.042,0.042,0.042
14273,Coach explains new defensive tactics after the game po pranešimo (Kaunas),8,3,0.028,0.028,0.029,0.915
906,92 Local team wins national championship in overtime,6,2,0.036,0.036,0.893,0.036
15081,23 „Apple“ pristatė naują iPhone su pažangia kamera ir DI funkcijomis (Kaunas),9,3,0.026,0.025,0.026,0.923
47419,38 Žvaigždė pasirašė daugiametę sutartį su klubu,5,2,0.042,0.042,0.875,0.042
9941,29 Coach explains new defensive tactics after the game,6,3,0.036,0.036,0.036,0.892
2846,28 Transfer rumors suggest a record deal for the young striker,7,0,0.906,0.031,0.031,0.031
45728,58 Apple unveils a new iPhone with advanced camera and AI features,8,2,0.028,0.028,0.916,0.029
5102,55 You won't believe what happened next,1,3,0.125,0.125,0.125,0.625
2767,"59 Ji padarė X — kas nutiks toliau, pribloškia",5,2,0.042,0.042,0.875,0.042
30560,96 Didelė saugumo spraga paveikė milijonus vartotojų after report,7,2,0.031,0.031,0.906,0.031
28092,87 10 reasons you should never buy this gadget,3,1,0.063,0.812,0.063,0.063
1871,Start-up raises $50 million to scale its AI platform (New York),8,3,0.028,0.028,0.028,0.916
32044,92 Treneris aiškino naują gynybos taktiką po rungtynių (Paris),7,0,0.905,0.032,0.031,0.032
1247,Vietos komanda laimėjo nacionalinį čempionatą pratęsimuose (Vilnius),7,0,0.905,0.032,0.031,0.032
4817,Apple unveils a new iPhone with advanced camera and AI features (London),9,2,0.026,0.026,0.923,0.026
44417,Coach explains new defensive tactics after the game — analysts say (Vilnius),9,3,0.176,0.026,0.026,0.773
6126,"58 Ji padarė X — kas nutiks toliau, pribloškia",5,2,0.042,0.042,0.875,0.042
1895,23 10 reasons you should never buy this gadget,3,1,0.063,0.812,0.063,0.063
33467,Major security breach affects millions of users worldwide after report (New York),10,0,0.929,0.023,0.024,0.024
3971,Stock market falls amid inflation concerns dėl rinkos reakcijos,8,2,0.028,0.028,0.916,0.028
13452,36 Atviro kodo bibliotekos pagreitina mašininio mokymosi procesus,7,0,0.906,0.031,0.031,0.031
26406,6 „Apple“ pristatė naują iPhone su pažangia kamera ir DI funkcijomis,8,3,0.028,0.028,0.028,0.916
27456,72 Apple unveils a new iPhone with advanced camera and AI features,8,2,0.028,0.028,0.916,0.029
5432,98 Open-source libraries accelerate machine learning workflows (Berlin),8,1,0.028,0.916,0.028,0.028
216,Vietos komanda laimėjo nacionalinį čempionatą pratęsimuose (London),7,0,0.906,0.032,0.031,0.031
14002,9 Kaip pagreitinti kompiuterį paprastais triukais,4,2,0.05,0.05,0.85,0.05
14976,76 Transfer rumors suggest a record deal for the young striker po pranešimo,8,0,0.916,0.028,0.028,0.028
11164,Coach explains new defensive tactics after the game dėl rinkos reakcijos (New York),10,3,0.023,0.023,0.024,0.93
1660,93 Start-up raises $50 million to scale its AI platform (Madrid),7,3,0.031,0.032,0.032,0.905
12974,31 Treneris aiškino naują gynybos taktiką po rungtynių (Kaunas),7,0,0.905,0.032,0.032,0.032
22458,Atviro kodo bibliotekos pagreitina mašininio mokymosi procesus — analysts say (Vilnius),10,0,0.931,0.023,0.023,0.023
29614,75 Vietos komanda laimėjo nacionalinį čempionatą pratęsimuose,6,0,0.893,0.036,0.036,0.036
41,Messi scores a stunning goal in the Champions League match analitikų teigimu,9,3,0.026,0.026,0.222,0.726
20258,36 Analysts predict record profits for the banking sector,6,0,0.893,0.036,0.036,0.036
45019,26 10 reasons you should never buy this gadget,3,1,0.063,0.812,0.063,0.063
461,10 reasons you should never buy this gadget — Find out why,3,1,0.063,0.812,0.063,0.063
25744,16 You won't believe what happened next,1,3,0.125,0.125,0.125,0.625
517,Coach explains new defensive tactics after the game amid concerns,8,3,0.028,0.028,0.28,0.664
4352,70 Stock market falls amid inflation concerns,6,2,0.036,0.036,0.893,0.036
38658,91 Top 7 secrets companies don't want you to know — You won't believe it,5,0,0.875,0.042,0.042,0.042
586,Žvaigždė pasirašė daugiametę sutartį su klubu (Kaunas),6,2,0.036,0.036,0.892,0.036
2344,„Apple“ pristatė naują iPhone su pažangia kamera ir DI funkcijomis dėl rinkos reakcijos,10,3,0.023,0.023,0.024,0.93
1117,17 Earnings beat expectations as revenue grows in cloud segment,7,1,0.031,0.906,0.031,0.031
334,Atviro kodo bibliotekos pagreitina mašininio mokymosi procesus (New York),9,0,0.922,0.025,0.026,0.026
34699,22 Earnings beat expectations as revenue grows in cloud segment analitikų teigimu,9,1,0.025,0.924,0.026,0.025
35007,"67 Top 7 paslaptys, kurias įmonės nenori, kad žinotumėte — Find out why",4,0,0.85,0.05,0.05,0.05
48763,85 Coach explains new defensive tactics after the game,6,3,0.036,0.036,0.036,0.892
45270,45 She did X — what happens next will shock you — Read more,2,1,0.083,0.417,0.083,0.416
15448,8 This trick will change your life forever (London),2,1,0.086,0.745,0.084,0.084
30467,61 Šis triukas pakeis jūsų gyvenimą amžiams — Read more,6,2,0.036,0.178,0.75,0.036
25227,19 She did X — what happens next will shock you,1,3,0.125,0.125,0.125,0.625
24946,23 Coach explains new defensive tactics after the game (Paris),7,3,0.032,0.032,0.032,0.905
39533,63 Messi įmušė įspūdingą įvartį Lygų taurėje,6,3,0.036,0.036,0.036,0.893
38046,96 Atviro kodo bibliotekos pagreitina mašininio mokymosi procesus,7,0,0.906,0.031,0.031,0.031
19715,67 How to speed up your computer with simple tweaks analitikų teigimu,6,1,0.037,0.89,0.038,0.036
20697,7 Treneris aiškino naują gynybos taktiką po rungtynių,6,0,0.893,0.036,0.036,0.036
47109,66 Vietos komanda laimėjo nacionalinį čempionatą pratęsimuose as markets react,8,0,0.915,0.028,0.028,0.029
28991,95 Major security breach affects millions of users worldwide (Madrid),8,0,0.916,0.028,0.028,0.028
5038,97 10 reasons you should never buy this gadget (Berlin),4,1,0.05,0.849,0.05,0.051
32136,2 Coach explains new defensive tactics after the game analitikų teigimu,8,3,0.029,0.029,0.277,0.665
6489,"36 Central bank cuts rates, markets rally on dovish guidance",8,3,0.028,0.028,0.028,0.917
45779,93 Top 7 secrets companies don't want you to know,5,0,0.875,0.042,0.042,0.042
28434,15 How to speed up your computer with simple tweaks (Berlin),5,1,0.042,0.874,0.042,0.042
28377,11 Investors hedge inflation risk using index-linked bonds analitikų teigimu,10,3,0.024,0.023,0.228,0.724
2351,Earnings beat expectations as revenue grows in cloud segment (London),8,1,0.028,0.916,0.028,0.028
46954,Star player signs a multi-year contract with club as markets react (New York),11,2,0.021,0.021,0.936,0.022
23244,"52 Central bank cuts rates, markets rally on dovish guidance (New York)",10,3,0.023,0.023,0.023,0.931
148,Žvaigždė pasirašė daugiametę sutartį su klubu,5,2,0.042,0.042,0.875,0.042
1996,Vietos komanda laimėjo nacionalinį čempionatą pratęsimuose amid concerns,8,0,0.695,0.028,0.25,0.028
6712,"2 10 priežasčių, kodėl niekada nepirkti šio daikto",6,1,0.036,0.893,0.036,0.036
928,"Central bank cuts rates, markets rally on dovish guidance (Berlin)",9,3,0.025,0.025,0.025,0.924
2548,71 Messi scores a stunning goal in the Champions League match,7,3,0.031,0.031,0.031,0.906
1123,Analysts predict record profits for the banking sector analitikų teigimu,8,0,0.915,0.028,0.029,0.028
4286,Local team wins national championship in overtime in a surprise move,7,2,0.031,0.031,0.906,0.032
9733,97 Startuolis pritraukė 50 mln. USD DI platformos plėtrai (London),8,3,0.028,0.028,0.028,0.915
28453,36 She did X — what happens next will shock you,1,3,0.125,0.125,0.125,0.625
29781,6 You won't believe what happened next — Number 5 is shocking (New York),3,3,0.063,0.063,0.065,0.809
30511,10 Treneris aiškino naują gynybos taktiką po rungtynių,6,0,0.893,0.036,0.036,0.036
10905,3 10 reasons you should never buy this gadget,3,1,0.063,0.812,0.063,0.063
1925,Coach explains new defensive tactics after the game (Paris),7,3,0.032,0.032,0.032,0.905
19410,67 Vietos komanda laimėjo nacionalinį čempionatą pratęsimuose as markets react (Paris),9,0,0.923,0.025,0.026,0.026
990,20 Messi įmušė įspūdingą įvartį Lygų taurėje,6,3,0.036,0.036,0.036,0.893
39213,27 Messi įmušė įspūdingą įvartį Lygų taurėje in a surprise move,7,3,0.031,0.031,0.031,0.906
43013,44 Open-source libraries accelerate machine learning workflows,7,1,0.031,0.906,0.031,0.031
2213,"53 Central bank cuts rates, markets rally on dovish guidance",8,3,0.028,0.028,0.028,0.917
44837,97 Transfer rumors suggest a record deal for the young striker as markets react (London),10,0,0.93,0.023,0.023,0.024
20447,31 Perėjimų gandai: jaunas puolėjas gali kainuoti rekordą dėl rinkos reakcijos,9,3,0.025,0.025,0.025,0.924
2922,How to speed up your computer with simple tweaks dėl rinkos reakcijos,6,1,0.037,0.887,0.039,0.038
28625,19 How to speed up your computer with simple tweaks,4,1,0.05,0.85,0.05,0.05
108,Investors hedge inflation risk using index-linked bonds,8,3,0.028,0.028,0.028,0.916
38599,49 Star player signs a multi-year contract with club (Berlin),8,2,0.028,0.028,0.916,0.028
6862,31 Coach explains new defensive tactics after the game amid concerns,8,3,0.028,0.028,0.28,0.664
25727,31 Vietos komanda laimėjo nacionalinį čempionatą pratęsimuose,6,0,0.893,0.036,0.036,0.036
40332,80 Local team wins national championship in overtime,6,2,0.036,0.036,0.893,0.036
20350,70 How to speed up your computer with simple tweaks,4,1,0.05,0.85,0.05,0.05
44285,8 This trick will change your life forever,1,1,0.125,0.625,0.125,0.125
14377,90 Open-source libraries accelerate machine learning workflows,7,1,0.031,0.906,0.031,0.031
22698,66 You won't believe what happened next,1,3,0.125,0.125,0.125,0.625
35832,47 Top 7 secrets companies don't want you to know,5,0,0.875,0.042,0.042,0.042
10604,Stock market falls amid inflation concerns after report,7,2,0.031,0.031,0.906,0.032
25642,90 „Apple“ pristatė naują iPhone su pažangia kamera ir DI funkcijomis dėl rinkos reakcijos (New York),12,3,0.02,0.019,0.02,0.941
16187,56 Apple unveils a new iPhone with advanced camera and AI features,8,2,0.028,0.028,0.916,0.029
28594,100 Start-up raises $50 million to scale its AI platform,6,3,0.036,0.036,0.036,0.892
12280,94 Vietos komanda laimėjo nacionalinį čempionatą pratęsimuose,6,0,0.893,0.036,0.036,0.036
1413,"Ji padarė X — kas nutiks toliau, pribloškia (Vilnius)",6,2,0.036,0.036,0.891,0.036
6120,"10 priežasčių, kodėl niekada nepirkti šio daikto — Number 5 is shocking (Vilnius)",7,1,0.031,0.906,0.031,0.031
14119,89 Messi įmušė įspūdingą įvartį Lygų taurėje,6,3,0.036,0.036,0.036,0.893
26380,69 Investors hedge inflation risk using index-linked bonds — analysts say,10,3,0.135,0.023,0.023,0.818
28546,40 Šis triukas pakeis jūsų gyvenimą amžiams,5,2,0.042,0.042,0.875,0.042
8997,21 Atviro kodo bibliotekos pagreitina mašininio mokymosi procesus,7,0,0.906,0.031,0.031,0.031
14017,73 Vietos komanda laimėjo nacionalinį čempionatą pratęsimuose,6,0,0.893,0.036,0.036,0.036
2677,Perėjimų gandai: jaunas puolėjas gali kainuoti rekordą (Madrid),8,3,0.028,0.028,0.028,0.916
48469,64 Transfer rumors suggest a record deal for the young striker,7,0,0.906,0.031,0.031,0.031
357,46 This trick will change your life forever,1,1,0.125,0.625,0.125,0.125
3464,43 Star player signs a multi-year contract with club,7,2,0.031,0.031,0.906,0.031
18998,89 Major security breach affects millions of users worldwide,7,0,0.906,0.031,0.031,0.031
49060,58 She did X — what happens next will shock you,1,3,0.125,0.125,0.125,0.625
23145,Atviro kodo bibliotekos pagreitina mašininio mokymosi procesus — analysts say (Madrid),10,0,0.931,0.023,0.023,0.023
2045,"Negalėsite patikėti, kas įvyko toliau — Find out why (New York)",6,2,0.036,0.036,0.892,0.037
9508,Start-up raises $50 million to scale its AI platform dėl rinkos reakcijos (London),9,3,0.026,0.026,0.026,0.923
49366,14 Treneris aiškino naują gynybos taktiką po rungtynių (London),7,0,0.906,0.032,0.031,0.032
21728,55 Local team wins national championship in overtime,6,2,0.036,0.036,0.893,0.036
49148,46 Local team wins national championship in overtime,6,2,0.036,0.036,0.893,0.036
24439,32 Stock market falls amid inflation concerns dėl rinkos reakcijos,8,2,0.028,0.028,0.916,0.028
698,"Ji padarė X — kas nutiks toliau, pribloškia (Kaunas)",6,2,0.036,0.036,0.892,0.036
20361,Open-source libraries accelerate machine learning workflows — analysts say (Berlin),10,1,0.024,0.93,0.023,0.023
24213,69 10 reasons you should never buy this gadget,3,1,0.063,0.812,0.063,0.063
11001,88 Messi scores a stunning goal in the Champions League match po pranešimo,8,3,0.028,0.028,0.028,0.916
49973,72 She did X — what happens next will shock you,1,3,0.125,0.125,0.125,0.625
1384,Open-source libraries accelerate machine learning workflows after report,8,1,0.028,0.916,0.028,0.028
1614,"Top 7 paslaptys, kurias įmonės nenori, kad žinotumėte — You won't believe it (Kaunas)",5,0,0.873,0.042,0.042,0.042
20900,You won't believe what happened next — Read more (Kaunas),3,1,0.064,0.486,0.064,0.385
3218,Major security breach affects millions of users worldwide after report (Berlin),9,0,0.924,0.026,0.026,0.025
11120,76 She did X — what happens next will shock you,1,3,0.125,0.125,0.125,0.625
598,Žvaigždė pasirašė daugiametę sutartį su klubu dėl rinkos reakcijos (Berlin),8,2,0.028,0.028,0.915,0.028
21636,74 10 reasons you should never buy this gadget — Read more,4,1,0.05,0.85,0.05,0.05
299,9 Startuolis pritraukė 50 mln. USD DI platformos plėtrai,7,3,0.031,0.031,0.031,0.906
28721,10 reasons you should never buy this gadget — Number 5 is shocking (Paris),4,1,0.051,0.848,0.051,0.051
2690,Treneris aiškino naują gynybos taktiką po rungtynių after report (Vilnius),8,0,0.915,0.028,0.028,0.028
5820,Kaip pagreitinti kompiuterį paprastais triukais (Berlin),5,2,0.042,0.043,0.873,0.042
38151,88 How to speed up your computer with simple tweaks (Berlin),5,1,0.042,0.874,0.042,0.042
18039,Star player signs a multi-year contract with club po pranešimo (New York),10,2,0.023,0.023,0.931,0.023
43735,"Ji padarė X — kas nutiks toliau, pribloškia — Read more (Paris)",7,2,0.032,0.182,0.755,0.032
8096,86 She did X — what happens next will shock you (Paris),2,3,0.086,0.087,0.085,0.742
37220,88 Open-source libraries accelerate machine learning workflows after report,8,1,0.028,0.916,0.028,0.028
2915,59 Local team wins national championship in overtime (New York),8,2,0.028,0.028,0.916,0.028
9548,65 Major security breach affects millions of users worldwide,7,0,0.906,0.031,0.031,0.031
25414,18 Stock market falls amid inflation concerns,6,2,0.036,0.036,0.893,0.036
587,Coach explains new defensive tactics after the game (Vilnius),7,3,0.032,0.032,0.032,0.905
39990,100 You won't believe what happened next (Kaunas),2,3,0.088,0.09,0.089,0.733
33300,52 Star player signs a multi-year contract with club dėl rinkos reakcijos,9,2,0.025,0.025,0.924,0.025
21459,60 Kaip pagreitinti kompiuterį paprastais triukais,4,2,0.05,0.05,0.85,0.05
30330,"72 Ji padarė X — kas nutiks toliau, pribloškia",5,2,0.042,0.042,0.875,0.042
7146,58 Earnings beat expectations as revenue grows in cloud segment,7,1,0.031,0.906,0.031,0.031
18029,79 Vietos komanda laimėjo nacionalinį čempionatą pratęsimuose,6,0,0.893,0.036,0.036,0.036
16258,34 Didelė saugumo spraga paveikė milijonus vartotojų,6,2,0.036,0.036,0.893,0.036
45421,Perėjimų gandai: jaunas puolėjas gali kainuoti rekordą in a surprise move (Kaunas),9,3,0.025,0.025,0.025,0.924
42554,Treneris aiškino naują gynybos taktiką po rungtynių po pranešimo (Madrid),8,0,0.915,0.028,0.028,0.028
3520,45 Earnings beat expectations as revenue grows in cloud segment (London),8,1,0.028,0.916,0.028,0.028
30474,91 Apple unveils a new iPhone with advanced camera and AI features amid concerns,10,2,0.023,0.023,0.931,0.023
13685,10 reasons you should never buy this gadget — You won't believe it (London),4,1,0.051,0.849,0.05,0.05
4401,81 Startuolis pritraukė 50 mln. USD DI platformos plėtrai,7,3,0.031,0.031,0.031,0.906
20337,90 Coach explains new defensive tactics after the game,6,3,0.036,0.036,0.036,0.892
12237,Star player signs a multi-year contract with club po pranešimo (Kaunas),9,2,0.025,0.025,0.924,0.025
8791,72 Treneris aiškino naują gynybos taktiką po rungtynių,6,0,0.893,0.036,0.036,0.036
5043,Didelė saugumo spraga paveikė milijonus vartotojų (Kaunas),7,2,0.031,0.032,0.906,0.031
24474,61 This trick will change your life forever,1,1,0.125,0.625,0.125,0.125
16070,"85 10 priežasčių, kodėl niekada nepirkti šio daikto — Find out why",6,1,0.036,0.893,0.036,0.036
16499,30 Star player signs a multi-year contract with club,7,2,0.031,0.031,0.906,0.031
9488,32 Star player signs a multi-year contract with club,7,2,0.031,0.031,0.906,0.031
2698,53 Stock market falls amid inflation concerns dėl rinkos reakcijos,8,2,0.028,0.028,0.916,0.028
4267,Star player signs a multi-year contract with club po pranešimo (Berlin),9,2,0.025,0.025,0.924,0.025
40631,66 Earnings beat expectations as revenue grows in cloud segment,7,1,0.031,0.906,0.031,0.031
6237,34 Apple unveils a new iPhone with advanced camera and AI features,8,2,0.028,0.028,0.916,0.029
2322,75 „Apple“ pristatė naują iPhone su pažangia kamera ir DI funkcijomis (New York),10,3,0.023,0.023,0.023,0.931
9387,54 Žvaigždė pasirašė daugiametę sutartį su klubu,5,2,0.042,0.042,0.875,0.042
34927,Messi scores a stunning goal in the Champions League match — analysts say (Paris),10,3,0.149,0.023,0.023,0.805
1369,16 Transfer rumors suggest a record deal for the young striker (Berlin),8,0,0.915,0.028,0.028,0.028
17002,49 Treneris aiškino naują gynybos taktiką po rungtynių,6,0,0.893,0.036,0.036,0.036
29527,85 Investors hedge inflation risk using index-linked bonds (Madrid),9,3,0.025,0.025,0.025,0.924
390,Apple unveils a new iPhone with advanced camera and AI features dėl rinkos reakcijos (Madrid),11,2,0.021,0.021,0.936,0.022
18478,24 Open-source libraries accelerate machine learning workflows,7,1,0.031,0.906,0.031,0.031
40213,28 Open-source libraries accelerate machine learning workflows,7,1,0.031,0.906,0.031,0.031
18785,31 Startuolis pritraukė 50 mln. USD DI platformos plėtrai,7,3,0.031,0.031,0.031,0.906
12739,62 10 reasons you should never buy this gadget,3,1,0.063,0.812,0.063,0.063
11133,"63 10 priežasčių, kodėl niekada nepirkti šio daikto",6,1,0.036,0.893,0.036,0.036
35679,This trick will change your life forever — You won't believe it (Paris),2,1,0.086,0.742,0.085,0.087
47735,20 Start-up raises $50 million to scale its AI platform dėl rinkos reakcijos,8,3,0.028,0.028,0.029,0.915
12,"10 priežasčių, kodėl niekada nepirkti šio daikto",6,1,0.036,0.893,0.036,0.036
12982,88 Start-up raises $50 million to scale its AI platform,6,3,0.036,0.036,0.036,0.892
12737,67 Apple unveils a new iPhone with advanced camera and AI features,8,2,0.028,0.028,0.916,0.029
18821,"Ji padarė X — kas nutiks toliau, pribloškia — You won't believe it (New York)",7,2,0.031,0.031,0.905,0.032
13850,15 Apple unveils a new iPhone with advanced camera and AI features analitikų teigimu,10,2,0.023,0.023,0.931,0.023
28066,67 Coach explains new defensive tactics after the game,6,3,0.036,0.036,0.036,0.892
39406,Apple unveils a new iPhone with advanced camera and AI features amid concerns (Kaunas),11,2,0.021,0.021,0.937,0.021
23362,2 10 reasons you should never buy this gadget,3,1,0.063,0.812,0.063,0.063
2998,Didelė saugumo spraga paveikė milijonus vartotojų (London),7,2,0.032,0.032,0.904,0.032
915,Apple unveils a new iPhone with advanced camera and AI features po pranešimo (Vilnius),10,2,0.023,0.023,0.93,0.024
929,Messi įmušė įspūdingą įvartį Lygų taurėje analitikų teigimu,8,3,0.029,0.029,0.247,0.695
193,35 Messi scores a stunning goal in the Champions League match po pranešimo,8,3,0.028,0.028,0.028,0.916
34397,53 Top 7 secrets companies don't want you to know (Kaunas),6,0,0.892,0.036,0.036,0.036
36870,36 Start-up raises $50 million to scale its AI platform,6,3,0.036,0.036,0.036,0.892
11738,64 This trick will change your life forever — Number 5 is shocking,1,1,0.125,0.625,0.125,0.125
32695,65 Local team wins national championship in overtime,6,2,0.036,0.036,0.893,0.036
23396,"81 Negalėsite patikėti, kas įvyko toliau",4,2,0.05,0.05,0.85,0.05
30,Kaip pagreitinti kompiuterį paprastais triukais,4,2,0.05,0.05,0.85,0.05
16351,"32 Central bank cuts rates, markets rally on dovish guidance dėl rinkos reakcijos",10,3,0.023,0.023,0.023,0.931
8236,62 Top 7 secrets companies don't want you to know — Number 5 is shocking,5,0,0.875,0.042,0.042,0.042
34184,90 Kaip pagreitinti kompiuterį paprastais triukais,4,2,0.05,0.05,0.85,0.05
18847,4 10 reasons you should never buy this gadget,3,1,0.063,0.812,0.063,0.063
8802,36 Analysts predict record profits for the banking sector — analysts say,8,0,0.916,0.028,0.028,0.028
13887,62 Kaip pagreitinti kompiuterį paprastais triukais (London),5,2,0.043,0.044,0.871,0.042
9313,6 Open-source libraries accelerate machine learning workflows,7,1,0.031,0.906,0.031,0.031
11906,79 This trick will change your life forever,1,1,0.125,0.625,0.125,0.125
730,Star player signs a multi-year contract with club after report,8,2,0.028,0.028,0.916,0.028
18741,18 Start-up raises $50 million to scale its AI platform,6,3,0.036,0.036,0.036,0.892
2170,Analysts predict record profits for the banking sector amid concerns,8,0,0.69,0.028,0.255,0.028
39947,Messi įmušė įspūdingą įvartį Lygų taurėje in a surprise move (Vilnius),8,3,0.028,0.028,0.028,0.916
17231,13 Investors hedge inflation risk using index-linked bonds,8,3,0.028,0.028,0.028,0.916
38091,"89 Negalėsite patikėti, kas įvyko toliau (Madrid)",5,2,0.042,0.042,0.873,0.042
18389,Startuolis pritraukė 50 mln. USD DI platformos plėtrai in a surprise move (Kaunas),9,3,0.025,0.025,0.025,0.924
35177,46 Earnings beat expectations as revenue grows in cloud segment in a surprise move,8,1,0.028,0.915,0.028,0.029
5740,46 Perėjimų gandai: jaunas puolėjas gali kainuoti rekordą,7,3,0.031,0.031,0.031,0.906
33748,12 Local team wins national championship in overtime,6,2,0.036,0.036,0.893,0.036
9103,60 Kaip pagreitinti kompiuterį paprastais triukais (New York),6,2,0.036,0.036,0.892,0.037
38070,95 Major security breach affects millions of users worldwide in a surprise move,8,0,0.915,0.028,0.028,0.028
117,Messi scores a stunning goal in the Champions League match,7,3,0.031,0.031,0.031,0.906
5989,81 Messi įmušė įspūdingą įvartį Lygų taurėje,6,3,0.036,0.036,0.036,0.893
2120,92 Start-up raises $50 million to scale its AI platform,6,3,0.036,0.036,0.036,0.892
34628,16 Perėjimų gandai: jaunas puolėjas gali kainuoti rekordą,7,3,0.031,0.031,0.031,0.906
21228,"33 Negalėsite patikėti, kas įvyko toliau — You won't believe it",4,2,0.05,0.05,0.85,0.05
27633,Major security breach affects millions of users worldwide po pranešimo (Kaunas),9,0,0.924,0.025,0.025,0.025
5046,95 Didelė saugumo spraga paveikė milijonus vartotojų,6,2,0.036,0.036,0.893,0.036
35005,83 This trick will change your life forever (Madrid),2,1,0.085,0.743,0.085,0.086
4270,„Apple“ pristatė naują iPhone su pažangia kamera ir DI funkcijomis as markets react,10,3,0.023,0.023,0.023,0.931
32588,63 How to speed up your computer with simple tweaks,4,1,0.05,0.85,0.05,0.05
32415,10 reasons you should never buy this gadget — You won't believe it (Madrid),4,1,0.051,0.848,0.051,0.051
13650,"49 10 priežasčių, kodėl niekada nepirkti šio daikto (New York)",8,1,0.028,0.695,0.03,0.246
33295,57 You won't believe what happened next (Kaunas),2,3,0.088,0.09,0.089,0.733
243,Open-source libraries accelerate machine learning workflows (Paris),8,1,0.028,0.916,0.028,0.028
22868,71 She did X — what happens next will shock you,1,3,0.125,0.125,0.125,0.625
25255,"77 Central bank cuts rates, markets rally on dovish guidance",8,3,0.028,0.028,0.028,0.917
9506,Major security breach affects millions of users worldwide — analysts say (Vilnius),10,0,0.931,0.023,0.023,0.023
43780,30 She did X — what happens next will shock you,1,3,0.125,0.125,0.125,0.625
15462,27 This trick will change your life forever (New York),3,3,0.064,0.313,0.067,0.556
2563,6 You won't believe what happened next,1,3,0.125,0.125,0.125,0.625
37621,"14 10 priežasčių, kodėl niekada nepirkti šio daikto",6,1,0.036,0.893,0.036,0.036
2675,„Apple“ pristatė naują iPhone su pažangia kamera ir DI funkcijomis amid concerns,10,3,0.023,0.023,0.266,0.688
7478,88 Earnings beat expectations as revenue grows in cloud segment,7,1,0.031,0.906,0.031,0.031
19095,38 Transfer rumors suggest a record deal for the young striker as markets react,9,0,0.924,0.025,0.026,0.026
33215,"80 Top 7 paslaptys, kurias įmonės nenori, kad žinotumėte — You won't believe it",4,0,0.85,0.05,0.05,0.05
1695,Coach explains new defensive tactics after the game in a surprise move,7,3,0.031,0.031,0.032,0.906
15501,7 Žvaigždė pasirašė daugiametę sutartį su klubu after report,6,2,0.036,0.036,0.892,0.036
454,Top 7 secrets companies don't want you to know (Paris),6,0,0.892,0.036,0.036,0.036
21468,40 Local team wins national championship in overtime po pranešimo,7,2,0.032,0.031,0.906,0.031
34368,29 Local team wins national championship in overtime,6,2,0.036,0.036,0.893,0.036
39148,9 Messi scores a stunning goal in the Champions League match,7,3,0.031,0.031,0.031,0.906
36456,32 Didelė saugumo spraga paveikė milijonus vartotojų,6,2,0.036,0.036,0.893,0.036
38397,59 Messi scores a stunning goal in the Champions League match,7,3,0.031,0.031,0.031,0.906
5197,71 Coach explains new defensive tactics after the game,6,3,0.036,0.036,0.036,0.892
3140,Kaip pagreitinti kompiuterį paprastais triukais (Kaunas),5,2,0.042,0.042,0.874,0.042
12390,Analysts predict record profits for the banking sector po pranešimo,7,0,0.906,0.031,0.032,0.031
203,57 Start-up raises $50 million to scale its AI platform (Paris),7,3,0.032,0.032,0.032,0.905
10367,"60 10 priežasčių, kodėl niekada nepirkti šio daikto — Read more (Madrid)",8,1,0.028,0.916,0.028,0.028
2639,Messi įmušė įspūdingą įvartį Lygų taurėje (Vilnius),7,3,0.032,0.032,0.031,0.905
34110,Coach explains new defensive tactics after the game as markets react (Berlin),9,3,0.025,0.025,0.026,0.924
17668,59 „Apple“ pristatė naują iPhone su pažangia kamera ir DI funkcijomis,8,3,0.028,0.028,0.028,0.916
6857,62 Perėjimų gandai: jaunas puolėjas gali kainuoti rekordą,7,3,0.031,0.031,0.031,0.906
42056,97 Earnings beat expectations as revenue grows in cloud segment dėl rinkos reakcijos,9,1,0.026,0.922,0.026,0.026
30081,38 How to speed up your computer with simple tweaks amid concerns (Kaunas),7,1,0.031,0.618,0.319,0.031
23620,90 This trick will change your life forever — Number 5 is shocking,1,1,0.125,0.625,0.125,0.125
41794,Major security breach affects millions of users worldwide as markets react (New York),11,0,0.934,0.021,0.022,0.023
9464,"Central bank cuts rates, markets rally on dovish guidance (New York)",10,3,0.023,0.023,0.023,0.931
27166,69 Žvaigždė pasirašė daugiametę sutartį su klubu,5,2,0.042,0.042,0.875,0.042
38906,99 Coach explains new defensive tactics after the game,6,3,0.036,0.036,0.036,0.892
14985,Star player signs a multi-year contract with club amid concerns,9,2,0.025,0.025,0.925,0.025
8160,Open-source libraries accelerate machine learning workflows — analysts say,9,1,0.027,0.923,0.025,0.025
11263,73 10 reasons you should never buy this gadget,3,1,0.063,0.812,0.063,0.063
35030,84 Treneris aiškino naują gynybos taktiką po rungtynių (Berlin),7,0,0.904,0.032,0.032,0.032
33527,98 Didelė saugumo spraga paveikė milijonus vartotojų,6,2,0.036,0.036,0.893,0.036
1607,47 Šis triukas pakeis jūsų gyvenimą amžiams,5,2,0.042,0.042,0.875,0.042
11931,3 This trick will change your life forever,1,1,0.125,0.625,0.125,0.125
17243,Kaip pagreitinti kompiuterį paprastais triukais dėl rinkos reakcijos (Berlin),7,2,0.032,0.032,0.904,0.032
1624,„Apple“ pristatė naują iPhone su pažangia kamera ir DI funkcijomis in a surprise move (Berlin),10,3,0.023,0.023,0.023,0.931
11518,58 Local team wins national championship in overtime dėl rinkos reakcijos,8,2,0.028,0.028,0.916,0.028
34595,12 Earnings beat expectations as revenue grows in cloud segment,7,1,0.031,0.906,0.031,0.031
66,Messi įmušė įspūdingą įvartį Lygų taurėje,6,3,0.036,0.036,0.036,0.893
3734,How to speed up your computer with simple tweaks (Madrid),5,1,0.042,0.874,0.042,0.042
13363,19 Apple unveils a new iPhone with advanced camera and AI features as markets react,10,2,0.023,0.023,0.931,0.024
7082,40 Messi scores a stunning goal in the Champions League match (Paris),8,3,0.028,0.028,0.028,0.916
4576,78 Didelė saugumo spraga paveikė milijonus vartotojų,6,2,0.036,0.036,0.893,0.036
31465,"83 Negalėsite patikėti, kas įvyko toliau",4,2,0.05,0.05,0.85,0.05
26686,70 Top 7 secrets companies don't want you to know,5,0,0.875,0.042,0.042,0.042
21479,„Apple“ pristatė naują iPhone su pažangia kamera ir DI funkcijomis analitikų teigimu (Vilnius),11,3,0.022,0.022,0.257,0.699
30808,39 Analysts predict record profits for the banking sector,6,0,0.893,0.036,0.036,0.036
9368,"Top 7 paslaptys, kurias įmonės nenori, kad žinotumėte — Read more (London)",6,0,0.722,0.207,0.036,0.036
1298,20 Investors hedge inflation risk using index-linked bonds,8,3,0.028,0.028,0.028,0.916
40925,75 You won't believe what happened next — You won't believe it,1,3,0.125,0.125,0.125,0.625
1429,50 Šis triukas pakeis jūsų gyvenimą amžiams,5,2,0.042,0.042,0.875,0.042
39164,65 10 reasons you should never buy this gadget,3,1,0.063,0.812,0.063,0.063
15450,Coach explains new defensive tactics after the game analitikų teigimu (New York),10,3,0.024,0.023,0.268,0.685
39062,36 This trick will change your life forever,1,1,0.125,0.625,0.125,0.125
31764,82 Earnings beat expectations as revenue grows in cloud segment,7,1,0.031,0.906,0.031,0.031
1694,Startuolis pritraukė 50 mln. USD DI platformos plėtrai in a surprise move,8,3,0.028,0.028,0.028,0.916
17888,"Ji padarė X — kas nutiks toliau, pribloškia — Find out why (London)",6,2,0.037,0.037,0.89,0.036
8692,39 Top 7 secrets companies don't want you to know,5,0,0.875,0.042,0.042,0.042
18427,"93 Central bank cuts rates, markets rally on dovish guidance",8,3,0.028,0.028,0.028,0.917
15557,27 Analysts predict record profits for the banking sector analitikų teigimu,8,0,0.915,0.028,0.029,0.028
9540,This trick will change your life forever — Number 5 is shocking (New York),3,3,0.064,0.313,0.067,0.556
236,Investors hedge inflation risk using index-linked bonds analitikų teigimu,10,3,0.024,0.023,0.228,0.724
21805,Earnings beat expectations as revenue grows in cloud segment po pranešimo (Vilnius),9,1,0.026,0.923,0.026,0.026
48144,87 Atviro kodo bibliotekos pagreitina mašininio mokymosi procesus (London),8,0,0.916,0.028,0.028,0.028
15907,41 You won't believe what happened next,1,3,0.125,0.125,0.125,0.625
41147,55 Analysts predict record profits for the banking sector,6,0,0.893,0.036,0.036,0.036
7509,52 Apple unveils a new iPhone with advanced camera and AI features,8,2,0.028,0.028,0.916,0.029
8215,51 Transfer rumors suggest a record deal for the young striker,7,0,0.906,0.031,0.031,0.031
28292,19 Messi scores a stunning goal in the Champions League match,7,3,0.031,0.031,0.031,0.906
3541,Startuolis pritraukė 50 mln. USD DI platformos plėtrai in a surprise move (New York),10,3,0.023,0.023,0.023,0.931
2462,Vietos komanda laimėjo nacionalinį čempionatą pratęsimuose dėl rinkos reakcijos,8,0,0.915,0.028,0.029,0.028
44877,This trick will change your life forever — Find out why (New York),3,3,0.064,0.313,0.067,0.556
48970,"92 10 priežasčių, kodėl niekada nepirkti šio daikto",6,1,0.036,0.893,0.036,0.036
11651,49 You won't believe what happened next (Kaunas),2,3,0.088,0.09,0.089,0.733
1015,Treneris aiškino naują gynybos taktiką po rungtynių dėl rinkos reakcijos (New York),10,0,0.928,0.023,0.024,0.025
1204,19 Major security breach affects millions of users worldwide,7,0,0.906,0.031,0.031,0.031
1725,Didelė saugumo spraga paveikė milijonus vartotojų analitikų teigimu,8,2,0.028,0.028,0.916,0.028
36541,52 Earnings beat expectations as revenue grows in cloud segment (Vilnius),8,1,0.028,0.916,0.028,0.028
4908,8 Earnings beat expectations as revenue grows in cloud segment,7,1,0.031,0.906,0.031,0.031
33310,4 She did X — what happens next will shock you — Read more,2,1,0.083,0.417,0.083,0.416
43965,68 Messi scores a stunning goal in the Champions League match (Vilnius),8,3,0.028,0.028,0.028,0.916
18911,28 Top 7 secrets companies don't want you to know,5,0,0.875,0.042,0.042,0.042
5579,30 Didelė saugumo spraga paveikė milijonus vartotojų,6,2,0.036,0.036,0.893,0.036
2995,59 This trick will change your life forever,1,1,0.125,0.625,0.125,0.125
13312,36 Žvaigždė pasirašė daugiametę sutartį su klubu,5,2,0.042,0.042,0.875,0.042
12155,37 You won't believe what happened next,1,3,0.125,0.125,0.125,0.625
9705,70 You won't believe what happened next (Vilnius),2,3,0.086,0.087,0.086,0.741
46927,76 She did X — what happens next will shock you (Paris),2,3,0.086,0.087,0.085,0.742
26006,76 You won't believe what happened next,1,3,0.125,0.125,0.125,0.625
566,Start-up raises $50 million to scale its AI platform (London),7,3,0.032,0.032,0.032,0.904
30179,2 Open-source libraries accelerate machine learning workflows,7,1,0.031,0.906,0.031,0.031
916,Investors hedge inflation risk using index-linked bonds amid concerns,10,3,0.023,0.023,0.231,0.724
43255,63 Vietos komanda laimėjo nacionalinį čempionatą pratęsimuose,6,0,0.893,0.036,0.036,0.036
6217,72 Earnings beat expectations as revenue grows in cloud segment,7,1,0.031,0.906,0.031,0.031
1752,Open-source libraries accelerate machine learning workflows amid concerns,9,1,0.025,0.725,0.225,0.025
8154,59 Stock market falls amid inflation concerns po pranešimo (Berlin),8,2,0.028,0.028,0.915,0.028
49770,49 You won't believe what happened next (New York),3,3,0.063,0.063,0.065,0.809
29396,"100 Central bank cuts rates, markets rally on dovish guidance",8,3,0.028,0.028,0.028,0.917
306,Stock market falls amid inflation concerns (London),7,2,0.032,0.032,0.904,0.032
41139,34 Investors hedge inflation risk using index-linked bonds,8,3,0.028,0.028,0.028,0.916
38126,57 You won't believe what happened next (Paris),2,3,0.086,0.087,0.085,0.742
12643,86 Šis triukas pakeis jūsų gyvenimą amžiams — Find out why (London),6,2,0.037,0.037,0.89,0.036
8323,76 Atviro kodo bibliotekos pagreitina mašininio mokymosi procesus,7,0,0.906,0.031,0.031,0.031
45030,68 Žvaigždė pasirašė daugiametę sutartį su klubu po pranešimo,6,2,0.036,0.036,0.892,0.036
11379,"27 10 priežasčių, kodėl niekada nepirkti šio daikto",6,1,0.036,0.893,0.036,0.036
23751,46 „Apple“ pristatė naują iPhone su pažangia kamera ir DI funkcijomis,8,3,0.028,0.028,0.028,0.916
33,This trick will change your life forever,1,1,0.125,0.625,0.125,0.125
5144,Local team wins national championship in overtime analitikų teigimu,8,2,0.028,0.028,0.916,0.028
31237,50 Top 7 secrets companies don't want you to know,5,0,0.875,0.042,0.042,0.042
49727,Coach explains new defensive tactics after the game amid concerns (London),9,3,0.025,0.025,0.273,0.676
37925,93 Local team wins national championship in overtime,6,2,0.036,0.036,0.893,0.036
3211,23 Coach explains new defensive tactics after the game,6,3,0.036,0.036,0.036,0.892
26065,74 Didelė saugumo spraga paveikė milijonus vartotojų,6,2,0.036,0.036,0.893,0.036
26496,2 Coach explains new defensive tactics after the game,6,3,0.036,0.036,0.036,0.892
4999,26 Local team wins national championship in overtime analitikų teigimu,8,2,0.028,0.028,0.916,0.028
22404,"82 Top 7 paslaptys, kurias įmonės nenori, kad žinotumėte — Number 5 is shocking",4,0,0.85,0.05,0.05,0.05
46409,94 Open-source libraries accelerate machine learning workflows,7,1,0.031,0.906,0.031,0.031
29329,13 Local team wins national championship in overtime,6,2,0.036,0.036,0.893,0.036
3547,78 Star player signs a multi-year contract with club in a surprise move,8,2,0.028,0.028,0.916,0.028
20589,"31 Top 7 paslaptys, kurias įmonės nenori, kad žinotumėte",4,0,0.85,0.05,0.05,0.05
48348,74 This trick will change your life forever — Number 5 is shocking,1,1,0.125,0.625,0.125,0.125
14065,This trick will change your life forever — Find out why (London),2,1,0.086,0.745,0.084,0.084
17815,82 Analysts predict record profits for the banking sector,6,0,0.893,0.036,0.036,0.036
44621,52 This trick will change your life forever (Paris),2,1,0.086,0.742,0.085,0.087
2209,Coach explains new defensive tactics after the game dėl rinkos reakcijos (London),9,3,0.026,0.026,0.026,0.923
12903,63 Investors hedge inflation risk using index-linked bonds,8,3,0.028,0.028,0.028,0.916
4144,Messi scores a stunning goal in the Champions League match analitikų teigimu (Madrid),10,3,0.024,0.024,0.219,0.734
21587,58 You won't believe what happened next (Berlin),2,3,0.085,0.088,0.086,0.742
42884,Treneris aiškino naują gynybos taktiką po rungtynių — analysts say (Kaunas),9,0,0.924,0.025,0.025,0.025
49014,94 Earnings beat expectations as revenue grows in cloud segment,7,1,0.031,0.906,0.031,0.031
14298,Messi įmušė įspūdingą įvartį Lygų taurėje po pranešimo (New York),9,3,0.025,0.025,0.026,0.924
41312,9 Žvaigždė pasirašė daugiametę sutartį su klubu (Paris),6,2,0.036,0.036,0.891,0.036
26377,14 Start-up raises $50 million to scale its AI platform (Paris),7,3,0.032,0.032,0.032,0.905
3070,Šis triukas pakeis jūsų gyvenimą amžiams — You won't believe it (New York),7,2,0.031,0.031,0.905,0.032
30040,66 Treneris aiškino naują gynybos taktiką po rungtynių dėl rinkos reakcijos,8,0,0.915,0.028,0.029,0.029
2227,Didelė saugumo spraga paveikė milijonus vartotojų as markets react,8,2,0.028,0.028,0.916,0.029
718,Treneris aiškino naują gynybos taktiką po rungtynių — analysts say,8,0,0.916,0.028,0.028,0.028
36168,79 Apple unveils a new iPhone with advanced camera and AI features analitikų teigimu,10,2,0.023,0.023,0.931,0.023
5232,33 Coach explains new defensive tactics after the game,6,3,0.036,0.036,0.036,0.892
8380,95 Vietos komanda laimėjo nacionalinį čempionatą pratęsimuose,6,0,0.893,0.036,0.036,0.036
9679,2 Perėjimų gandai: jaunas puolėjas gali kainuoti rekordą,7,3,0.031,0.031,0.031,0.906
103,She did X — what happens next will shock you (Berlin),2,3,0.085,0.088,0.086,0.742
653,Vietos komanda laimėjo nacionalinį čempionatą pratęsimuose (Paris),7,0,0.905,0.032,0.031,0.032
45835,56 This trick will change your life forever (London),2,1,0.086,0.745,0.084,0.084
7336,81 Major security breach affects millions of users worldwide,7,0,0.906,0.031,0.031,0.031
10589,Vietos komanda laimėjo nacionalinį čempionatą pratęsimuose in a surprise move (Vilnius),8,0,0.915,0.028,0.028,0.029
11328,25 Messi įmušė įspūdingą įvartį Lygų taurėje (London),7,3,0.032,0.032,0.031,0.905
20224,Messi scores a stunning goal in the Champions League match amid concerns (London),10,3,0.023,0.023,0.219,0.734
19620,87 She did X — what happens next will shock you,1,3,0.125,0.125,0.125,0.625
9211,45 Open-source libraries accelerate machine learning workflows,7,1,0.031,0.906,0.031,0.031
5278,Apple unveils a new iPhone with advanced camera and AI features in a surprise move,9,2,0.025,0.025,0.924,0.026
3960,67 Stock market falls amid inflation concerns,6,2,0.036,0.036,0.893,0.036
38195,Start-up raises $50 million to scale its AI platform as markets react (Berlin),9,3,0.025,0.025,0.026,0.924
119,63 This trick will change your life forever,1,1,0.125,0.625,0.125,0.125
49953,Stock market falls amid inflation concerns analitikų teigimu (New York),10,2,0.023,0.023,0.931,0.023
6838,Atviro kodo bibliotekos pagreitina mašininio mokymosi procesus (Paris),8,0,0.916,0.028,0.028,0.028
24068,76 10 reasons you should never buy this gadget,3,1,0.063,0.812,0.063,0.063
33328,"Central bank cuts rates, markets rally on dovish guidance in a surprise move (Vilnius)",10,3,0.023,0.023,0.023,0.931
13032,44 Earnings beat expectations as revenue grows in cloud segment,7,1,0.031,0.906,0.031,0.031
37136,Atviro kodo bibliotekos pagreitina mašininio mokymosi procesus analitikų teigimu (New York),11,0,0.935,0.021,0.022,0.022
40792,28 Stock market falls amid inflation concerns,6,2,0.036,0.036,0.893,0.036
43128,82 Atviro kodo bibliotekos pagreitina mašininio mokymosi procesus (Kaunas),8,0,0.916,0.028,0.028,0.028
9887,38 Analysts predict record profits for the banking sector,6,0,0.893,0.036,0.036,0.036
34571,"74 10 priežasčių, kodėl niekada nepirkti šio daikto",6,1,0.036,0.893,0.036,0.036
73,Didelė saugumo spraga paveikė milijonus vartotojų,6,2,0.036,0.036,0.893,0.036
8850,6 Investors hedge inflation risk using index-linked bonds (Vilnius),9,3,0.025,0.025,0.025,0.924
6918,"74 Central bank cuts rates, markets rally on dovish guidance",8,3,0.028,0.028,0.028,0.917
36629,"46 Central bank cuts rates, markets rally on dovish guidance",8,3,0.028,0.028,0.028,0.917
5375,Major security breach affects millions of users worldwide (New York),9,0,0.922,0.025,0.026,0.026
19553,39 Treneris aiškino naują gynybos taktiką po rungtynių (Kaunas),7,0,0.905,0.032,0.032,0.032
30927,30 Apple unveils a new iPhone with advanced camera and AI features in a surprise move,9,2,0.025,0.025,0.924,0.026
45581,7 Star player signs a multi-year contract with club (Paris),8,2,0.028,0.028,0.916,0.028
42733,"34 Central bank cuts rates, markets rally on dovish guidance",8,3,0.028,0.028,0.028,0.917
35641,34 Kaip pagreitinti kompiuterį paprastais triukais (Paris),5,2,0.042,0.042,0.873,0.042
38003,16 Apple unveils a new iPhone with advanced camera and AI features (London),9,2,0.026,0.026,0.923,0.026
13471,96 Top 7 secrets companies don't want you to know,5,0,0.875,0.042,0.042,0.042
6302,"92 Negalėsite patikėti, kas įvyko toliau — Find out why",4,2,0.05,0.05,0.85,0.05
39241,Kaip pagreitinti kompiuterį paprastais triukais as markets react (Vilnius),7,2,0.032,0.032,0.903,0.033
12350,67 Žvaigždė pasirašė daugiametę sutartį su klubu after report,6,2,0.036,0.036,0.892,0.036
31312,13 Coach explains new defensive tactics after the game,6,3,0.036,0.036,0.036,0.892
6069,45 Didelė saugumo spraga paveikė milijonus vartotojų,6,2,0.036,0.036,0.893,0.036
3839,80 How to speed up your computer with simple tweaks,4,1,0.05,0.85,0.05,0.05
5510,17 Investors hedge inflation risk using index-linked bonds analitikų teigimu,10,3,0.024,0.023,0.228,0.724
24039,99 Transfer rumors suggest a record deal for the young striker,7,0,0.906,0.031,0.031,0.031
3739,57 Startuolis pritraukė 50 mln. USD DI platformos plėtrai,7,3,0.031,0.031,0.031,0.906
27595,81 10 reasons you should never buy this gadget,3,1,0.063,0.812,0.063,0.063
2160,28 This trick will change your life forever (Kaunas),2,1,0.086,0.743,0.086,0.085
26287,"48 Negalėsite patikėti, kas įvyko toliau",4,2,0.05,0.05,0.85,0.05
365,28 Local team wins national championship in overtime,6,2,0.036,0.036,0.893,0.036
11964,27 Vietos komanda laimėjo nacionalinį čempionatą pratęsimuose (Vilnius),7,0,0.905,0.032,0.031,0.032
23210,"57 Top 7 paslaptys, kurias įmonės nenori, kad žinotumėte — Find out why (Paris)",5,0,0.873,0.042,0.042,0.042
20448,89 Stock market falls amid inflation concerns,6,2,0.036,0.036,0.893,0.036
34547,44 „Apple“ pristatė naują iPhone su pažangia kamera ir DI funkcijomis (Berlin),9,3,0.025,0.025,0.026,0.924
10935,This trick will change your life forever — Find out why (Madrid),2,1,0.085,0.743,0.085,0.086
6078,"Negalėsite patikėti, kas įvyko toliau — Find out why (Paris)",5,2,0.042,0.042,0.873,0.042
13329,43 Treneris aiškino naują gynybos taktiką po rungtynių (London),7,0,0.906,0.032,0.031,0.032
9104,56 Perėjimų gandai: jaunas puolėjas gali kainuoti rekordą dėl rinkos reakcijos,9,3,0.025,0.025,0.025,0.924
32745,67 „Apple“ pristatė naują iPhone su pažangia kamera ir DI funkcijomis,8,3,0.028,0.028,0.028,0.916
18868,88 Open-source libraries accelerate machine learning workflows (Paris),8,1,0.028,0.916,0.028,0.028
26766,79 You won't believe what happened next (London),2,3,0.092,0.095,0.086,0.727
29366,"55 Ji padarė X — kas nutiks toliau, pribloškia — You won't believe it (Paris)",6,2,0.036,0.036,0.891,0.036
38922,14 10 reasons you should never buy this gadget,3,1,0.063,0.812,0.063,0.063
621,Žvaigždė pasirašė daugiametę sutartį su klubu po pranešimo,6,2,0.036,0.036,0.892,0.036
21843,53 „Apple“ pristatė naują iPhone su pažangia kamera ir DI funkcijomis (Paris),9,3,0.025,0.025,0.026,0.924
20977,82 Top 7 secrets companies don't want you to know,5,0,0.875,0.042,0.042,0.042
32578,Stock market falls amid inflation concerns as markets react (Berlin),9,2,0.025,0.025,0.923,0.026
43459,79 Vietos komanda laimėjo nacionalinį čempionatą pratęsimuose (Vilnius),7,0,0.905,0.032,0.031,0.032
13137,59 Atviro kodo bibliotekos pagreitina mašininio mokymosi procesus amid concerns,9,0,0.725,0.025,0.225,0.025
23700,80 Messi įmušė įspūdingą įvartį Lygų taurėje (Paris),7,3,0.032,0.032,0.031,0.906
9409,"29 10 priežasčių, kodėl niekada nepirkti šio daikto — Read more",7,1,0.031,0.906,0.031,0.031
4959,37 Stock market falls amid inflation concerns amid concerns (Berlin),9,2,0.025,0.025,0.924,0.025
18330,"89 Negalėsite patikėti, kas įvyko toliau — Find out why",4,2,0.05,0.05,0.85,0.05
1849,18 Atviro kodo bibliotekos pagreitina mašininio mokymosi procesus,7,0,0.906,0.031,0.031,0.031
1373,"Central bank cuts rates, markets rally on dovish guidance (Madrid)",9,3,0.025,0.025,0.025,0.924
8193,75 Start-up raises $50 million to scale its AI platform,6,3,0.036,0.036,0.036,0.892
48215,64 10 reasons you should never buy this gadget (Vilnius),4,1,0.051,0.848,0.051,0.051
8941,"12 Central bank cuts rates, markets rally on dovish guidance",8,3,0.028,0.028,0.028,0.917
10970,82 Messi įmušė įspūdingą įvartį Lygų taurėje,6,3,0.036,0.036,0.036,0.893
33095,43 Open-source libraries accelerate machine learning workflows,7,1,0.031,0.906,0.031,0.031
19,Start-up raises $50 million to scale its AI platform (Madrid),7,3,0.031,0.032,0.032,0.905
20772,Earnings beat expectations as revenue grows in cloud segment amid concerns (Kaunas),10,1,0.023,0.732,0.222,0.023
3169,57 Investors hedge inflation risk using index-linked bonds,8,3,0.028,0.028,0.028,0.916
13576,54 Investors hedge inflation risk using index-linked bonds,8,3,0.028,0.028,0.028,0.916
13955,66 Open-source libraries accelerate machine learning workflows,7,1,0.031,0.906,0.031,0.031
7798,Perėjimų gandai: jaunas puolėjas gali kainuoti rekordą as markets react (Madrid),10,3,0.023,0.023,0.023,0.931
8443,69 Perėjimų gandai: jaunas puolėjas gali kainuoti rekordą,7,3,0.031,0.031,0.031,0.906
1198,Local team wins national championship in overtime po pranešimo,7,2,0.032,0.031,0.906,0.031
643,Kaip pagreitinti kompiuterį paprastais triukais (Madrid),5,2,0.042,0.042,0.873,0.042
29330,84 How to speed up your computer with simple tweaks,4,1,0.05,0.85,0.05,0.05
6366,Šis triukas pakeis jūsų gyvenimą amžiams (Madrid),6,2,0.036,0.036,0.892,0.036
7098,70 She did X — what happens next will shock you,1,3,0.125,0.125,0.125,0.625
4596,88 Coach explains new defensive tactics after the game,6,3,0.036,0.036,0.036,0.892
3740,Šis triukas pakeis jūsų gyvenimą amžiams — Find out why (New York),7,2,0.031,0.031,0.905,0.032
24754,"20 Central bank cuts rates, markets rally on dovish guidance",8,3,0.028,0.028,0.028,0.917
44100,63 Transfer rumors suggest a record deal for the young striker po pranešimo,8,0,0.916,0.028,0.028,0.028
41797,Kaip pagreitinti kompiuterį paprastais triukais amid concerns (Kaunas),7,2,0.031,0.032,0.906,0.031
24037,31 Šis triukas pakeis jūsų gyvenimą amžiams (London),6,2,0.037,0.037,0.89,0.036
2938,"Top 7 paslaptys, kurias įmonės nenori, kad žinotumėte (New York)",6,0,0.886,0.036,0.039,0.039
19902,"19 10 priežasčių, kodėl niekada nepirkti šio daikto — You won't believe it",6,1,0.036,0.893,0.036,0.036
26966,47 How to speed up your computer with simple tweaks,4,1,0.05,0.85,0.05,0.05
39129,"Central bank cuts rates, markets rally on dovish guidance amid concerns (Madrid)",11,3,0.021,0.021,0.209,0.749
27034,69 Top 7 secrets companies don't want you to know,5,0,0.875,0.042,0.042,0.042
32645,12 This trick will change your life forever,1,1,0.125,0.625,0.125,0.125
27903,17 Start-up raises $50 million to scale its AI platform,6,3,0.036,0.036,0.036,0.892
25734,Startuolis pritraukė 50 mln. USD DI platformos plėtrai analitikų teigimu (Paris),10,3,0.024,0.024,0.216,0.737
18078,Major security breach affects millions of users worldwide analitikų teigimu (Madrid),10,0,0.93,0.023,0.023,0.023
11153,90 Top 7 secrets companies don't want you to know (Kaunas),6,0,0.892,0.036,0.036,0.036
29762,"96 Top 7 paslaptys, kurias įmonės nenori, kad žinotumėte (London)",5,0,0.874,0.042,0.042,0.042
3668,11 Messi scores a stunning goal in the Champions League match,7,3,0.031,0.031,0.031,0.906
39488,69 Transfer rumors suggest a record deal for the young striker,7,0,0.906,0.031,0.031,0.031
29264,Šis triukas pakeis jūsų gyvenimą amžiams — Number 5 is shocking (Madrid),6,2,0.036,0.036,0.892,0.036
80,Start-up raises $50 million to scale its AI platform,6,3,0.036,0.036,0.036,0.892
2246,2 Messi įmušė įspūdingą įvartį Lygų taurėje,6,3,0.036,0.036,0.036,0.893
43458,41 Kaip pagreitinti kompiuterį paprastais triukais,4,2,0.05,0.05,0.85,0.05
30382,"10 Top 7 paslaptys, kurias įmonės nenori, kad žinotumėte",4,0,0.85,0.05,0.05,0.05
1876,32 Šis triukas pakeis jūsų gyvenimą amžiams — Find out why,5,2,0.042,0.042,0.875,0.042
25056,52 Stock market falls amid inflation concerns after report,7,2,0.031,0.031,0.906,0.032
17571,How to speed up your computer with simple tweaks amid concerns (Vilnius),7,1,0.032,0.629,0.308,0.032
1518,Apple unveils a new iPhone with advanced camera and AI features amid concerns,10,2,0.023,0.023,0.931,0.023
33605,75 How to speed up your computer with simple tweaks,4,1,0.05,0.85,0.05,0.05
38673,66 Perėjimų gandai: jaunas puolėjas gali kainuoti rekordą dėl rinkos reakcijos,9,3,0.025,0.025,0.025,0.924
48621,41 She did X — what happens next will shock you,1,3,0.125,0.125,0.125,0.625
6693,Star player signs a multi-year contract with club dėl rinkos reakcijos (New York),11,2,0.021,0.021,0.937,0.021
8784,99 Top 7 secrets companies don't want you to know,5,0,0.875,0.042,0.042,0.042
41786,7 „Apple“ pristatė naują iPhone su pažangia kamera ir DI funkcijomis,8,3,0.028,0.028,0.028,0.916
26342,15 Apple unveils a new iPhone with advanced camera and AI features (Paris),9,2,0.025,0.025,0.924,0.026
45645,68 Stock market falls amid inflation concerns dėl rinkos reakcijos,8,2,0.028,0.028,0.916,0.028
42975,11 Didelė saugumo spraga paveikė milijonus vartotojų dėl rinkos reakcijos (Vilnius),9,2,0.025,0.025,0.924,0.026
46906,23 This trick will change your life forever (Paris),2,1,0.086,0.742,0.085,0.087
41077,83 Atviro kodo bibliotekos pagreitina mašininio mokymosi procesus,7,0,0.906,0.031,0.031,0.031
264,71 „Apple“ pristatė naują iPhone su pažangia kamera ir DI funkcijomis,8,3,0.028,0.028,0.028,0.916
8729,3 Perėjimų gandai: jaunas puolėjas gali kainuoti rekordą,7,3,0.031,0.031,0.031,0.906
7330,81 She did X — what happens next will shock you,1,3,0.125,0.125,0.125,0.625
48521,96 Investors hedge inflation risk using index-linked bonds (Berlin),9,3,0.025,0.025,0.025,0.924
7513,45 This trick will change your life forever,1,1,0.125,0.625,0.125,0.125
303,Open-source libraries accelerate machine learning workflows (Berlin),8,1,0.028,0.916,0.028,0.028
16603,"59 10 priežasčių, kodėl niekada nepirkti šio daikto",6,1,0.036,0.893,0.036,0.036
11148,How to speed up your computer with simple tweaks analitikų teigimu (London),7,1,0.032,0.904,0.033,0.031
30290,2 This trick will change your life forever (Berlin),2,1,0.085,0.745,0.085,0.086
39939,72 Coach explains new defensive tactics after the game,6,3,0.036,0.036,0.036,0.892
22198,"26 Top 7 paslaptys, kurias įmonės nenori, kad žinotumėte (Berlin)",5,0,0.872,0.043,0.042,0.043
1775,"Ji padarė X — kas nutiks toliau, pribloškia — Number 5 is shocking (Berlin)",6,2,0.036,0.036,0.891,0.036
35126,"7 10 priežasčių, kodėl niekada nepirkti šio daikto — You won't believe it (Berlin)",7,1,0.031,0.906,0.031,0.031
46910,"25 Ji padarė X — kas nutiks toliau, pribloškia — Number 5 is shocking (Berlin)",6,2,0.036,0.036,0.891,0.036
19006,You won't believe what happened next — You won't believe it (New York),3,3,0.063,0.063,0.065,0.809
30800,Stock market falls amid inflation concerns po pranešimo (Madrid),8,2,0.028,0.028,0.915,0.028
3497,This trick will change your life forever (Berlin),2,1,0.085,0.745,0.085,0.086
716,Perėjimų gandai: jaunas puolėjas gali kainuoti rekordą (New York),9,3,0.025,0.025,0.025,0.925
34286,"7 Central bank cuts rates, markets rally on dovish guidance",8,3,0.028,0.028,0.028,0.917
10698,60 10 reasons you should never buy this gadget (Vilnius),4,1,0.051,0.848,0.051,0.051
272,"Ji padarė X — kas nutiks toliau, pribloškia — Find out why",5,2,0.042,0.042,0.875,0.042
9466,45 Treneris aiškino naują gynybos taktiką po rungtynių,6,0,0.893,0.036,0.036,0.036
41526,38 She did X — what happens next will shock you — Read more,2,1,0.083,0.417,0.083,0.416
26028,83 This trick will change your life forever,1,1,0.125,0.625,0.125,0.125
5381,How to speed up your computer with simple tweaks po pranešimo (Madrid),6,1,0.037,0.888,0.037,0.037
2079,63 Top 7 secrets companies don't want you to know,5,0,0.875,0.042,0.042,0.042
31056,61 Apple unveils a new iPhone with advanced camera and AI features,8,2,0.028,0.028,0.916,0.029
5180,Apple unveils a new iPhone with advanced camera and AI features as markets react,10,2,0.023,0.023,0.931,0.024
15485,40 This trick will change your life forever,1,1,0.125,0.625,0.125,0.125
3542,Messi įmušė įspūdingą įvartį Lygų taurėje amid concerns (New York),10,3,0.023,0.023,0.241,0.713
31605,32 Analysts predict record profits for the banking sector po pranešimo,7,0,0.906,0.031,0.032,0.031
5163,60 You won't believe what happened next,1,3,0.125,0.125,0.125,0.625
19389,58 You won't believe what happened next,1,3,0.125,0.125,0.125,0.625
37937,50 Šis triukas pakeis jūsų gyvenimą amžiams — You won't believe it,5,2,0.042,0.042,0.875,0.042
7433,"53 Ji padarė X — kas nutiks toliau, pribloškia",5,2,0.042,0.042,0.875,0.042
21254,"Top 7 paslaptys, kurias įmonės nenori, kad žinotumėte — Find out why (Madrid)",5,0,0.873,0.043,0.042,0.042
40718,72 Kaip pagreitinti kompiuterį paprastais triukais,4,2,0.05,0.05,0.85,0.05
1000,3 Earnings beat expectations as revenue grows in cloud segment,7,1,0.031,0.906,0.031,0.031
30887,17 You won't believe what happened next — Number 5 is shocking (Paris),2,3,0.086,0.087,0.085,0.742
32620,Messi įmušė įspūdingą įvartį Lygų taurėje as markets react (New York),10,3,0.023,0.023,0.023,0.931
854,10 reasons you should never buy this gadget — Find out why (London),4,1,0.051,0.849,0.05,0.05
21559,83 Kaip pagreitinti kompiuterį paprastais triukais — analysts say,6,2,0.041,0.037,0.886,0.036
28757,Vietos komanda laimėjo nacionalinį čempionatą pratęsimuose amid concerns (London),9,0,0.716,0.025,0.234,0.025
37887,2 Vietos komanda laimėjo nacionalinį čempionatą pratęsimuose,6,0,0.893,0.036,0.036,0.036
21941,"40 Ji padarė X — kas nutiks toliau, pribloškia",5,2,0.042,0.042,0.875,0.042
2258,Investors hedge inflation risk using index-linked bonds after report,9,3,0.025,0.025,0.026,0.923
20312,"94 Top 7 paslaptys, kurias įmonės nenori, kad žinotumėte",4,0,0.85,0.05,0.05,0.05
4164,Transfer rumors suggest a record deal for the young striker as markets react,9,0,0.924,0.025,0.026,0.026
3273,Treneris aiškino naują gynybos taktiką po rungtynių analitikų teigimu,8,0,0.915,0.028,0.029,0.028
15587,5 Earnings beat expectations as revenue grows in cloud segment,7,1,0.031,0.906,0.031,0.031
44207,45 Local team wins national championship in overtime (Berlin),7,2,0.031,0.032,0.905,0.032
31428,Startuolis pritraukė 50 mln. USD DI platformos plėtrai po pranešimo (Paris),9,3,0.025,0.025,0.025,0.924
47356,"96 Top 7 paslaptys, kurias įmonės nenori, kad žinotumėte",4,0,0.85,0.05,0.05,0.05
28364,Startuolis pritraukė 50 mln. USD DI platformos plėtrai as markets react (Berlin),10,3,0.023,0.023,0.023,0.931
932,Analysts predict record profits for the banking sector (New York),8,0,0.913,0.028,0.029,0.03
37285,64 You won't believe what happened next,1,3,0.125,0.125,0.125,0.625
47402,20 Stock market falls amid inflation concerns,6,2,0.036,0.036,0.893,0.036
27810,31 You won't believe what happened next,1,3,0.125,0.125,0.125,0.625
4190,10 Earnings beat expectations as revenue grows in cloud segment,7,1,0.031,0.906,0.031,0.031
25655,25 Major security breach affects millions of users worldwide (Vilnius),8,0,0.916,0.028,0.028,0.028
4054,Star player signs a multi-year contract with club after report (Madrid),9,2,0.025,0.025,0.924,0.025
20983,13 Didelė saugumo spraga paveikė milijonus vartotojų (Kaunas),7,2,0.031,0.032,0.906,0.031
41193,16 Messi įmušė įspūdingą įvartį Lygų taurėje,6,3,0.036,0.036,0.036,0.893
15680,41 Earnings beat expectations as revenue grows in cloud segment amid concerns,9,1,0.025,0.725,0.225,0.025
27366,68 Start-up raises $50 million to scale its AI platform,6,3,0.036,0.036,0.036,0.892
10048,Transfer rumors suggest a record deal for the young striker (New York),9,0,0.922,0.025,0.026,0.026
12630,52 Apple unveils a new iPhone with advanced camera and AI features — analysts say,10,2,0.024,0.023,0.929,0.023
43655,38 This trick will change your life forever — You won't believe it,1,1,0.125,0.625,0.125,0.125
10363,34 Stock market falls amid inflation concerns (Kaunas),7,2,0.031,0.032,0.905,0.032
1216,47 She did X — what happens next will shock you (London),2,3,0.092,0.095,0.086,0.727
32993,61 10 reasons you should never buy this gadget,3,1,0.063,0.812,0.063,0.063
13628,57 Analysts predict record profits for the banking sector,6,0,0.893,0.036,0.036,0.036
2551,7 Kaip pagreitinti kompiuterį paprastais triukais dėl rinkos reakcijos (New York),8,2,0.028,0.028,0.915,0.029
34143,Investors hedge inflation risk using index-linked bonds dėl rinkos reakcijos (Vilnius),11,3,0.021,0.021,0.021,0.936
30002,38 How to speed up your computer with simple tweaks,4,1,0.05,0.85,0.05,0.05
27799,53 Stock market falls amid inflation concerns analitikų teigimu,8,2,0.028,0.028,0.916,0.028
8554,"Negalėsite patikėti, kas įvyko toliau (Vilnius)",5,2,0.042,0.043,0.873,0.042
6443,22 Major security breach affects millions of users worldwide,7,0,0.906,0.031,0.031,0.031
31975,74 Top 7 secrets companies don't want you to know,5,0,0.875,0.042,0.042,0.042
9077,78 This trick will change your life forever — Number 5 is shocking,1,1,0.125,0.625,0.125,0.125
44600,This trick will change your life forever — Read more (Madrid),3,1,0.063,0.809,0.063,0.064
3627,"17 10 priežasčių, kodėl niekada nepirkti šio daikto — Read more (Berlin)",8,1,0.028,0.916,0.028,0.028
31037,„Apple“ pristatė naują iPhone su pažangia kamera ir DI funkcijomis amid concerns (Madrid),11,3,0.021,0.021,0.262,0.695
19178,2 Stock market falls amid inflation concerns,6,2,0.036,0.036,0.893,0.036
41819,66 Investors hedge inflation risk using index-linked bonds,8,3,0.028,0.028,0.028,0.916
445,Top 7 secrets companies don't want you to know (London),6,0,0.892,0.036,0.036,0.036
43831,72 Startuolis pritraukė 50 mln. USD DI platformos plėtrai (Kaunas),8,3,0.028,0.028,0.028,0.916
10871,70 Open-source libraries accelerate machine learning workflows,7,1,0.031,0.906,0.031,0.031
70,Analysts predict record profits for the banking sector (London),7,0,0.906,0.032,0.031,0.031
19912,29 Stock market falls amid inflation concerns,6,2,0.036,0.036,0.893,0.036
16170,100 Messi įmušė įspūdingą įvartį Lygų taurėje po pranešimo,7,3,0.032,0.031,0.032,0.905
37739,37 Didelė saugumo spraga paveikė milijonus vartotojų,6,2,0.036,0.036,0.893,0.036
4435,98 Apple unveils a new iPhone with advanced camera and AI features,8,2,0.028,0.028,0.916,0.029
7786,Messi įmušė įspūdingą įvartį Lygų taurėje po pranešimo (Madrid),8,3,0.028,0.028,0.028,0.915
4633,12 Perėjimų gandai: jaunas puolėjas gali kainuoti rekordą (New York),9,3,0.025,0.025,0.025,0.925
13344,Messi įmušė įspūdingą įvartį Lygų taurėje in a surprise move,7,3,0.031,0.031,0.031,0.906
10769,18 Didelė saugumo spraga paveikė milijonus vartotojų dėl rinkos reakcijos,8,2,0.028,0.028,0.916,0.028
9249,8 Messi scores a stunning goal in the Champions League match (Berlin),8,3,0.028,0.028,0.028,0.916
24129,16 Apple unveils a new iPhone with advanced camera and AI features po pranešimo,9,2,0.025,0.025,0.924,0.026
33268,Local team wins national championship in overtime analitikų teigimu (New York),10,2,0.023,0.023,0.931,0.023
38602,Kaip pagreitinti kompiuterį paprastais triukais analitikų teigimu (Paris),7,2,0.032,0.032,0.904,0.032
32611,33 Stock market falls amid inflation concerns,6,2,0.036,0.036,0.893,0.036
8315,"Ji padarė X — kas nutiks toliau, pribloškia — Find out why (Paris)",6,2,0.036,0.036,0.891,0.036
29741,50 She did X — what happens next will shock you,1,3,0.125,0.125,0.125,0.625
40424,71 10 reasons you should never buy this gadget (New York),5,1,0.043,0.542,0.045,0.37
27328,10 reasons you should never buy this gadget — Read more (New York),6,1,0.037,0.608,0.039,0.317
12256,41 Top 7 secrets companies don't want you to know,5,0,0.875,0.042,0.042,0.042
10096,"10 priežasčių, kodėl niekada nepirkti šio daikto — Find out why (Madrid)",7,1,0.031,0.906,0.031,0.031
17771,40 Star player signs a multi-year contract with club,7,2,0.031,0.031,0.906,0.031
23741,Treneris aiškino naują gynybos taktiką po rungtynių amid concerns (Vilnius),9,0,0.706,0.025,0.244,0.025
32654,65 Treneris aiškino naują gynybos taktiką po rungtynių (London),7,0,0.906,0.032,0.031,0.032
8801,91 You won't believe what happened next (London),2,3,0.092,0.095,0.086,0.727
24143,67 Messi scores a stunning goal in the Champions League match,7,3,0.031,0.031,0.031,0.906
3163,Treneris aiškino naują gynybos taktiką po rungtynių (Kaunas),7,0,0.905,0.032,0.032,0.032
43387,12 „Apple“ pristatė naują iPhone su pažangia kamera ir DI funkcijomis,8,3,0.028,0.028,0.028,0.916
14894,50 Star player signs a multi-year contract with club,7,2,0.031,0.031,0.906,0.031
38864,41 Vietos komanda laimėjo nacionalinį čempionatą pratęsimuose (London),7,0,0.906,0.032,0.031,0.031
18558,21 Start-up raises $50 million to scale its AI platform,6,3,0.036,0.036,0.036,0.892
8346,43 Treneris aiškino naują gynybos taktiką po rungtynių amid concerns,8,0,0.694,0.028,0.25,0.028
25449,97 You won't believe what happened next (Berlin),2,3,0.085,0.088,0.086,0.742
45026,85 Vietos komanda laimėjo nacionalinį čempionatą pratęsimuose,6,0,0.893,0.036,0.036,0.036
12469,74 Star player signs a multi-year contract with club po pranešimo,8,2,0.028,0.028,0.916,0.028
1120,86 She did X — what happens next will shock you (Vilnius),2,3,0.086,0.087,0.086,0.741
36552,60 Startuolis pritraukė 50 mln. USD DI platformos plėtrai,7,3,0.031,0.031,0.031,0.906
11193,28 Startuolis pritraukė 50 mln. USD DI platformos plėtrai,7,3,0.031,0.031,0.031,0.906
19632,94 Transfer rumors suggest a record deal for the young striker dėl rinkos reakcijos,9,0,0.924,0.025,0.026,0.025
48942,73 Open-source libraries accelerate machine learning workflows,7,1,0.031,0.906,0.031,0.031
970,Perėjimų gandai: jaunas puolėjas gali kainuoti rekordą (Berlin),8,3,0.028,0.028,0.028,0.916
45713,"58 Negalėsite patikėti, kas įvyko toliau — Find out why",4,2,0.05,0.05,0.85,0.05
21131,62 Start-up raises $50 million to scale its AI platform,6,3,0.036,0.036,0.036,0.892
37313,31 Atviro kodo bibliotekos pagreitina mašininio mokymosi procesus,7,0,0.906,0.031,0.031,0.031
12383,60 Earnings beat expectations as revenue grows in cloud segment (Vilnius),8,1,0.028,0.916,0.028,0.028
3090,47 Apple unveils a new iPhone with advanced camera and AI features (Berlin),9,2,0.025,0.025,0.924,0.026
31650,78 Messi įmušė įspūdingą įvartį Lygų taurėje,6,3,0.036,0.036,0.036,0.893
17655,79 Open-source libraries accelerate machine learning workflows analitikų teigimu,9,1,0.025,0.924,0.026,0.025
4897,21 She did X — what happens next will shock you,1,3,0.125,0.125,0.125,0.625
21,Kaip pagreitinti kompiuterį paprastais triukais — analysts say,6,2,0.041,0.037,0.886,0.036
35258,94 Analysts predict record profits for the banking sector analitikų teigimu,8,0,0.915,0.028,0.029,0.028
18815,13 Stock market falls amid inflation concerns,6,2,0.036,0.036,0.893,0.036
3004,70 Vietos komanda laimėjo nacionalinį čempionatą pratęsimuose,6,0,0.893,0.036,0.036,0.036
16304,53 Atviro kodo bibliotekos pagreitina mašininio mokymosi procesus (Berlin),8,0,0.915,0.028,0.028,0.028
26422,78 Žvaigždė pasirašė daugiametę sutartį su klubu po pranešimo,6,2,0.036,0.036,0.892,0.036
1481,29 Star player signs a multi-year contract with club,7,2,0.031,0.031,0.906,0.031
20736,47 Žvaigždė pasirašė daugiametę sutartį su klubu,5,2,0.042,0.042,0.875,0.042
3362,Žvaigždė pasirašė daugiametę sutartį su klubu amid concerns,7,2,0.031,0.031,0.906,0.031
26186,73 Start-up raises $50 million to scale its AI platform,6,3,0.036,0.036,0.036,0.892
47334,"29 Central bank cuts rates, markets rally on dovish guidance",8,3,0.028,0.028,0.028,0.917
44637,28 Perėjimų gandai: jaunas puolėjas gali kainuoti rekordą dėl rinkos reakcijos (Vilnius),10,3,0.023,0.023,0.023,0.931
5454,"16 Negalėsite patikėti, kas įvyko toliau",4,2,0.05,0.05,0.85,0.05
34024,Kaip pagreitinti kompiuterį paprastais triukais in a surprise move (New York),7,2,0.032,0.031,0.905,0.032
22817,21 Transfer rumors suggest a record deal for the young striker in a surprise move,8,0,0.915,0.028,0.028,0.028
14297,12 Vietos komanda laimėjo nacionalinį čempionatą pratęsimuose (Paris),7,0,0.905,0.032,0.031,0.032
10908,3 Atviro kodo bibliotekos pagreitina mašininio mokymosi procesus analitikų teigimu (Paris),10,0,0.931,0.023,0.023,0.023
2153,50 Analysts predict record profits for the banking sector (London),7,0,0.906,0.032,0.031,0.031
524,10 „Apple“ pristatė naują iPhone su pažangia kamera ir DI funkcijomis,8,3,0.028,0.028,0.028,0.916
34912,95 She did X — what happens next will shock you — Find out why,1,3,0.125,0.125,0.125,0.625
14481,35 She did X — what happens next will shock you (Vilnius),2,3,0.086,0.087,0.086,0.741
13821,37 Messi įmušė įspūdingą įvartį Lygų taurėje,6,3,0.036,0.036,0.036,0.893
8261,25 Top 7 secrets companies don't want you to know,5,0,0.875,0.042,0.042,0.042
8402,Major security breach affects millions of users worldwide po pranešimo (Madrid),9,0,0.924,0.025,0.025,0.025
10802,62 Startuolis pritraukė 50 mln. USD DI platformos plėtrai (Madrid),8,3,0.028,0.028,0.028,0.916
3221,84 Open-source libraries accelerate machine learning workflows in a surprise move (London),9,1,0.025,0.923,0.026,0.026
6046,63 Kaip pagreitinti kompiuterį paprastais triukais,4,2,0.05,0.05,0.85,0.05
13267,41 10 reasons you should never buy this gadget (Kaunas),4,1,0.051,0.848,0.051,0.05
29238,Open-source libraries accelerate machine learning workflows dėl rinkos reakcijos (Madrid),10,1,0.023,0.929,0.024,0.024
1796,100 She did X — what happens next will shock you (New York),3,3,0.063,0.063,0.065,0.809
28256,35 Investors hedge inflation risk using index-linked bonds,8,3,0.028,0.028,0.028,0.916
6446,"20 Ji padarė X — kas nutiks toliau, pribloškia — Number 5 is shocking",5,2,0.042,0.042,0.875,0.042
38913,3 Analysts predict record profits for the banking sector,6,0,0.893,0.036,0.036,0.036
2635,86 Analysts predict record profits for the banking sector,6,0,0.893,0.036,0.036,0.036
10080,78 Kaip pagreitinti kompiuterį paprastais triukais,4,2,0.05,0.05,0.85,0.05
33231,87 Stock market falls amid inflation concerns,6,2,0.036,0.036,0.893,0.036
48854,89 Transfer rumors suggest a record deal for the young striker,7,0,0.906,0.031,0.031,0.031
17966,75 Earnings beat expectations as revenue grows in cloud segment,7,1,0.031,0.906,0.031,0.031
5734,84 Kaip pagreitinti kompiuterį paprastais triukais,4,2,0.05,0.05,0.85,0.05
5650,This trick will change your life forever — Read more (Berlin),3,1,0.063,0.81,0.063,0.064
25086,78 Apple unveils a new iPhone with advanced camera and AI features — analysts say,10,2,0.024,0.023,0.929,0.023
43625,Major security breach affects millions of users worldwide dėl rinkos reakcijos (Madrid),10,0,0.93,0.023,0.023,0.023
6031,You won't believe what happened next — Read more (Madrid),3,1,0.064,0.457,0.064,0.416
12805,Didelė saugumo spraga paveikė milijonus vartotojų in a surprise move (Madrid),8,2,0.028,0.028,0.915,0.028
3962,"91 Central bank cuts rates, markets rally on dovish guidance",8,3,0.028,0.028,0.028,0.917
29925,Stock market falls amid inflation concerns as markets react (Madrid),9,2,0.025,0.025,0.923,0.026
33959,71 Start-up raises $50 million to scale its AI platform analitikų teigimu,8,3,0.029,0.029,0.283,0.659
15928,52 You won't believe what happened next,1,3,0.125,0.125,0.125,0.625
552,Stock market falls amid inflation concerns amid concerns (Berlin),9,2,0.025,0.025,0.924,0.025
26681,38 Earnings beat expectations as revenue grows in cloud segment,7,1,0.031,0.906,0.031,0.031
19308,Start-up raises $50 million to scale its AI platform po pranešimo (Paris),8,3,0.028,0.028,0.029,0.915
2775,16 Apple unveils a new iPhone with advanced camera and AI features (Kaunas),9,2,0.025,0.025,0.924,0.026
9834,25 Stock market falls amid inflation concerns,6,2,0.036,0.036,0.893,0.036
35446,86 Start-up raises $50 million to scale its AI platform — analysts say,8,3,0.173,0.028,0.029,0.77
12994,3 Investors hedge inflation risk using index-linked bonds,8,3,0.028,0.028,0.028,0.916
19717,98 Investors hedge inflation risk using index-linked bonds,8,3,0.028,0.028,0.028,0.916
9831,35 Messi įmušė įspūdingą įvartį Lygų taurėje,6,3,0.036,0.036,0.036,0.893
14843,57 Vietos komanda laimėjo nacionalinį čempionatą pratęsimuose,6,0,0.893,0.036,0.036,0.036
44188,25 Messi scores a stunning goal in the Champions League match (London),8,3,0.028,0.028,0.028,0.915
507,54 Top 7 secrets companies don't want you to know,5,0,0.875,0.042,0.042,0.042
6826,28 Apple unveils a new iPhone with advanced camera and AI features in a surprise move,9,2,0.025,0.025,0.924,0.026
34302,17 Top 7 secrets companies don't want you to know,5,0,0.875,0.042,0.042,0.042
15311,"9 10 priežasčių, kodėl niekada nepirkti šio daikto — You won't believe it",6,1,0.036,0.893,0.036,0.036
10199,16 Major security breach affects millions of users worldwide,7,0,0.906,0.031,0.031,0.031
10877,49 Local team wins national championship in overtime,6,2,0.036,0.036,0.893,0.036
32885,How to speed up your computer with simple tweaks po pranešimo (New York),7,1,0.033,0.58,0.034,0.354
9304,"74 10 priežasčių, kodėl niekada nepirkti šio daikto — Find out why",6,1,0.036,0.893,0.036,0.036
33030,72 How to speed up your computer with simple tweaks,4,1,0.05,0.85,0.05,0.05
112,Stock market falls amid inflation concerns,6,2,0.036,0.036,0.893,0.036
2080,53 Transfer rumors suggest a record deal for the young striker,7,0,0.906,0.031,0.031,0.031
8779,20 This trick will change your life forever,1,1,0.125,0.625,0.125,0.125
210,Didelė saugumo spraga paveikė milijonus vartotojų dėl rinkos reakcijos,8,2,0.028,0.028,0.916,0.028
7004,13 How to speed up your computer with simple tweaks,4,1,0.05,0.85,0.05,0.05
313,Messi scores a stunning goal in the Champions League match (Berlin),8,3,0.028,0.028,0.028,0.916
22788,28 How to speed up your computer with simple tweaks,4,1,0.05,0.85,0.05,0.05
36029,43 You won't believe what happened next (Madrid),2,3,0.086,0.087,0.086,0.741
6510,Vietos komanda laimėjo nacionalinį čempionatą pratęsimuose po pranešimo (New York),9,0,0.922,0.025,0.026,0.027
17568,86 This trick will change your life forever (Kaunas),2,1,0.086,0.743,0.086,0.085
6255,13 You won't believe what happened next (Kaunas),2,3,0.088,0.09,0.089,0.733
25586,66 Analysts predict record profits for the banking sector,6,0,0.893,0.036,0.036,0.036
42620,10 Major security breach affects millions of users worldwide (New York),9,0,0.922,0.025,0.026,0.026
1588,72 Investors hedge inflation risk using index-linked bonds (Madrid),9,3,0.025,0.025,0.025,0.924
42253,25 This trick will change your life forever,1,1,0.125,0.625,0.125,0.125
5656,27 Vietos komanda laimėjo nacionalinį čempionatą pratęsimuose,6,0,0.893,0.036,0.036,0.036
11321,12 Startuolis pritraukė 50 mln. USD DI platformos plėtrai,7,3,0.031,0.031,0.031,0.906
2189,How to speed up your computer with simple tweaks (London),5,1,0.042,0.874,0.042,0.042
40805,93 Major security breach affects millions of users worldwide,7,0,0.906,0.031,0.031,0.031
2350,62 Top 7 secrets companies don't want you to know,5,0,0.875,0.042,0.042,0.042
1550,Atviro kodo bibliotekos pagreitina mašininio mokymosi procesus po pranešimo,8,0,0.916,0.028,0.028,0.028
16082,12 Open-source libraries accelerate machine learning workflows,7,1,0.031,0.906,0.031,0.031
11748,75 Analysts predict record profits for the banking sector,6,0,0.893,0.036,0.036,0.036
16763,46 Kaip pagreitinti kompiuterį paprastais triukais,4,2,0.05,0.05,0.85,0.05
3848,33 Didelė saugumo spraga paveikė milijonus vartotojų,6,2,0.036,0.036,0.893,0.036
7816,42 Coach explains new defensive tactics after the game,6,3,0.036,0.036,0.036,0.892
29727,44 Messi įmušė įspūdingą įvartį Lygų taurėje,6,3,0.036,0.036,0.036,0.893
11781,44 Vietos komanda laimėjo nacionalinį čempionatą pratęsimuose analitikų teigimu,8,0,0.915,0.028,0.029,0.028
360,She did X — what happens next will shock you (Madrid),2,3,0.086,0.087,0.086,0.741
46584,35 Kaip pagreitinti kompiuterį paprastais triukais,4,2,0.05,0.05,0.85,0.05
3656,62 Didelė saugumo spraga paveikė milijonus vartotojų,6,2,0.036,0.036,0.893,0.036
29171,29 Transfer rumors suggest a record deal for the young striker,7,0,0.906,0.031,0.031,0.031
40553,"90 Central bank cuts rates, markets rally on dovish guidance (New York)",10,3,0.023,0.023,0.023,0.931
11889,98 Treneris aiškino naują gynybos taktiką po rungtynių,6,0,0.893,0.036,0.036,0.036
1565,57 Atviro kodo bibliotekos pagreitina mašininio mokymosi procesus,7,0,0.906,0.031,0.031,0.031
28988,97 Start-up raises $50 million to scale its AI platform,6,3,0.036,0.036,0.036,0.892
26025,69 „Apple“ pristatė naują iPhone su pažangia kamera ir DI funkcijomis as markets react (Berlin),11,3,0.021,0.021,0.022,0.936
25567,92 Startuolis pritraukė 50 mln. USD DI platformos plėtrai,7,3,0.031,0.031,0.031,0.906
21265,"Negalėsite patikėti, kas įvyko toliau — Read more (London)",6,2,0.036,0.248,0.679,0.036
48895,68 Stock market falls amid inflation concerns (New York),8,2,0.028,0.028,0.916,0.029
649,53 Local team wins national championship in overtime,6,2,0.036,0.036,0.893,0.036
45167,Investors hedge inflation risk using index-linked bonds in a surprise move (Kaunas),10,3,0.023,0.023,0.023,0.931
13246,36 Startuolis pritraukė 50 mln. USD DI platformos plėtrai,7,3,0.031,0.031,0.031,0.906
29197,61 Atviro kodo bibliotekos pagreitina mašininio mokymosi procesus,7,0,0.906,0.031,0.031,0.031
24168,41 Major security breach affects millions of users worldwide,7,0,0.906,0.031,0.031,0.031
33563,Earnings beat expectations as revenue grows in cloud segment dėl rinkos reakcijos (Kaunas),10,1,0.023,0.929,0.024,0.023
486,Messi scores a stunning goal in the Champions League match — analysts say (Vilnius),10,3,0.149,0.023,0.023,0.804
31107,83 Perėjimų gandai: jaunas puolėjas gali kainuoti rekordą (London),8,3,0.028,0.028,0.028,0.915
32378,55 This trick will change your life forever — Find out why,1,1,0.125,0.625,0.125,0.125
13395,27 10 reasons you should never buy this gadget (New York),5,1,0.043,0.542,0.045,0.37
11515,Apple unveils a new iPhone with advanced camera and AI features in a surprise move (Paris),10,2,0.023,0.023,0.93,0.024
18841,6 Messi scores a stunning goal in the Champions League match,7,3,0.031,0.031,0.031,0.906
10964,"Negalėsite patikėti, kas įvyko toliau (Kaunas)",5,2,0.042,0.042,0.874,0.042
30727,76 Stock market falls amid inflation concerns dėl rinkos reakcijos,8,2,0.028,0.028,0.916,0.028
45787,26 Žvaigždė pasirašė daugiametę sutartį su klubu,5,2,0.042,0.042,0.875,0.042
3440,How to speed up your computer with simple tweaks (Kaunas),5,1,0.042,0.874,0.042,0.042
24535,50 Žvaigždė pasirašė daugiametę sutartį su klubu dėl rinkos reakcijos,7,2,0.032,0.031,0.905,0.032
44059,Investors hedge inflation risk using index-linked bonds after report (Berlin),10,3,0.023,0.023,0.024,0.93
6577,10 Investors hedge inflation risk using index-linked bonds,8,3,0.028,0.028,0.028,0.916
21095,87 „Apple“ pristatė naują iPhone su pažangia kamera ir DI funkcijomis amid concerns,10,3,0.023,0.023,0.266,0.688
18923,84 Transfer rumors suggest a record deal for the young striker,7,0,0.906,0.031,0.031,0.031
9341,Local team wins national championship in overtime as markets react,8,2,0.028,0.028,0.916,0.029
33849,91 Treneris aiškino naują gynybos taktiką po rungtynių,6,0,0.893,0.036,0.036,0.036
45330,2 Open-source libraries accelerate machine learning workflows — analysts say (London),10,1,0.024,0.93,0.023,0.023
31213,99 Atviro kodo bibliotekos pagreitina mašininio mokymosi procesus,7,0,0.906,0.031,0.031,0.031
215,This trick will change your life forever (London),2,1,0.086,0.745,0.084,0.084
5477,26 How to speed up your computer with simple tweaks,4,1,0.05,0.85,0.05,0.05
37082,54 Start-up raises $50 million to scale its AI platform,6,3,0.036,0.036,0.036,0.892
48957,48 „Apple“ pristatė naują iPhone su pažangia kamera ir DI funkcijomis as markets react,10,3,0.023,0.023,0.023,0.931
485,Šis triukas pakeis jūsų gyvenimą amžiams — Number 5 is shocking,5,2,0.042,0.042,0.875,0.042
34492,"66 Negalėsite patikėti, kas įvyko toliau",4,2,0.05,0.05,0.85,0.05
48612,54 Messi įmušė įspūdingą įvartį Lygų taurėje,6,3,0.036,0.036,0.036,0.893
9911,89 Atviro kodo bibliotekos pagreitina mašininio mokymosi procesus (Paris),8,0,0.916,0.028,0.028,0.028
49561,59 Apple unveils a new iPhone with advanced camera and AI features dėl rinkos reakcijos,10,2,0.023,0.023,0.931,0.023
19370,32 Treneris aiškino naują gynybos taktiką po rungtynių,6,0,0.893,0.036,0.036,0.036
38679,Startuolis pritraukė 50 mln. USD DI platformos plėtrai amid concerns (Berlin),10,3,0.023,0.023,0.219,0.735
13173,98 How to speed up your computer with simple tweaks (London),5,1,0.042,0.874,0.042,0.042
7840,"49 Central bank cuts rates, markets rally on dovish guidance",8,3,0.028,0.028,0.028,0.917
26298,2 Didelė saugumo spraga paveikė milijonus vartotojų,6,2,0.036,0.036,0.893,0.036
32341,95 Earnings beat expectations as revenue grows in cloud segment,7,1,0.031,0.906,0.031,0.031
29767,36 Local team wins national championship in overtime analitikų teigimu (Vilnius),9,2,0.025,0.025,0.924,0.025
9453,18 Treneris aiškino naują gynybos taktiką po rungtynių,6,0,0.893,0.036,0.036,0.036
31315,84 Atviro kodo bibliotekos pagreitina mašininio mokymosi procesus (Vilnius),8,0,0.916,0.028,0.028,0.028
25565,You won't believe what happened next — Find out why (Berlin),2,3,0.085,0.088,0.086,0.742
9963,60 Messi įmušė įspūdingą įvartį Lygų taurėje po pranešimo (Berlin),8,3,0.028,0.028,0.028,0.915
11695,21 Star player signs a multi-year contract with club,7,2,0.031,0.031,0.906,0.031
5189,Perėjimų gandai: jaunas puolėjas gali kainuoti rekordą as markets react,9,3,0.025,0.025,0.025,0.925
12096,53 Atviro kodo bibliotekos pagreitina mašininio mokymosi procesus (London),8,0,0.916,0.028,0.028,0.028
35389,82 Messi scores a stunning goal in the Champions League match,7,3,0.031,0.031,0.031,0.906
38825,42 Treneris aiškino naują gynybos taktiką po rungtynių,6,0,0.893,0.036,0.036,0.036
34156,69 Perėjimų gandai: jaunas puolėjas gali kainuoti rekordą (Berlin),8,3,0.028,0.028,0.028,0.916
12051,63 Žvaigždė pasirašė daugiametę sutartį su klubu analitikų teigimu,7,2,0.032,0.032,0.906,0.031
13221,57 Messi scores a stunning goal in the Champions League match amid concerns,9,3,0.025,0.025,0.225,0.725
409,Investors hedge inflation risk using index-linked bonds dėl rinkos reakcijos,10,3,0.023,0.023,0.023,0.931
42529,57 Transfer rumors suggest a record deal for the young striker,7,0,0.906,0.031,0.031,0.031
8484,15 This trick will change your life forever,1,1,0.125,0.625,0.125,0.125
16645,52 Messi įmušė įspūdingą įvartį Lygų taurėje po pranešimo,7,3,0.032,0.031,0.032,0.905
43329,50 Messi scores a stunning goal in the Champions League match,7,3,0.031,0.031,0.031,0.906
1401,Kaip pagreitinti kompiuterį paprastais triukais as markets react,6,2,0.036,0.036,0.891,0.037
208,Analysts predict record profits for the banking sector as markets react,8,0,0.915,0.028,0.028,0.029
16975,13 Open-source libraries accelerate machine learning workflows analitikų teigimu,9,1,0.025,0.924,0.026,0.025
6356,91 Atviro kodo bibliotekos pagreitina mašininio mokymosi procesus analitikų teigimu (Paris),10,0,0.931,0.023,0.023,0.023
40406,16 Perėjimų gandai: jaunas puolėjas gali kainuoti rekordą — analysts say,9,3,0.152,0.026,0.025,0.797
16498,88 Žvaigždė pasirašė daugiametę sutartį su klubu,5,2,0.042,0.042,0.875,0.042
39810,100 „Apple“ pristatė naują iPhone su pažangia kamera ir DI funkcijomis (Madrid),9,3,0.025,0.025,0.026,0.924
153,Start-up raises $50 million to scale its AI platform dėl rinkos reakcijos,8,3,0.028,0.028,0.029,0.915
3469,Didelė saugumo spraga paveikė milijonus vartotojų dėl rinkos reakcijos (Madrid),9,2,0.025,0.025,0.924,0.025
10254,86 Vietos komanda laimėjo nacionalinį čempionatą pratęsimuose,6,0,0.893,0.036,0.036,0.036
6116,Didelė saugumo spraga paveikė milijonus vartotojų — analysts say (Kaunas),9,2,0.027,0.026,0.922,0.025
12791,94 Major security breach affects millions of users worldwide amid concerns,9,0,0.725,0.025,0.225,0.025
15922,34 Vietos komanda laimėjo nacionalinį čempionatą pratęsimuose,6,0,0.893,0.036,0.036,0.036
49138,30 How to speed up your computer with simple tweaks — analysts say,6,1,0.04,0.887,0.036,0.036
26124,95 Open-source libraries accelerate machine learning workflows,7,1,0.031,0.906,0.031,0.031
41301,18 Messi scores a stunning goal in the Champions League match,7,3,0.031,0.031,0.031,0.906
43480,50 Analysts predict record profits for the banking sector (Kaunas),7,0,0.905,0.032,0.032,0.031
370,She did X — what happens next will shock you — Read more,2,1,0.083,0.417,0.083,0.416
6461,"10 priežasčių, kodėl niekada nepirkti šio daikto — Find out why (Paris)",7,1,0.032,0.906,0.031,0.032
17599,Žvaigždė pasirašė daugiametę sutartį su klubu as markets react (Madrid),8,2,0.028,0.028,0.915,0.029
5536,54 Šis triukas pakeis jūsų gyvenimą amžiams,5,2,0.042,0.042,0.875,0.042
10868,42 Apple unveils a new iPhone with advanced camera and AI features,8,2,0.028,0.028,0.916,0.029
45301,23 Open-source libraries accelerate machine learning workflows,7,1,0.031,0.906,0.031,0.031
17531,5 10 reasons you should never buy this gadget,3,1,0.063,0.812,0.063,0.063
20992,31 Messi įmušė įspūdingą įvartį Lygų taurėje,6,3,0.036,0.036,0.036,0.893
5249,Transfer rumors suggest a record deal for the young striker dėl rinkos reakcijos (Paris),10,0,0.93,0.023,0.023,0.023
8223,16 Start-up raises $50 million to scale its AI platform,6,3,0.036,0.036,0.036,0.892
5080,Perėjimų gandai: jaunas puolėjas gali kainuoti rekordą analitikų teigimu,9,3,0.026,0.026,0.222,0.726
28353,35 How to speed up your computer with simple tweaks,4,1,0.05,0.85,0.05,0.05
22096,37 Atviro kodo bibliotekos pagreitina mašininio mokymosi procesus,7,0,0.906,0.031,0.031,0.031
47223,57 Start-up raises $50 million to scale its AI platform dėl rinkos reakcijos,8,3,0.028,0.028,0.029,0.915
37579,"Ji padarė X — kas nutiks toliau, pribloškia — Find out why (New York)",7,2,0.031,0.031,0.905,0.032
8266,25 Earnings beat expectations as revenue grows in cloud segment,7,1,0.031,0.906,0.031,0.031
35,Local team wins national championship in overtime,6,2,0.036,0.036,0.893,0.036
10316,Kaip pagreitinti kompiuterį paprastais triukais analitikų teigimu (Madrid),7,2,0.032,0.032,0.905,0.032
3391,Messi scores a stunning goal in the Champions League match dėl rinkos reakcijos,9,3,0.025,0.025,0.025,0.924
14159,„Apple“ pristatė naują iPhone su pažangia kamera ir DI funkcijomis after report (New York),11,3,0.021,0.021,0.022,0.936
14614,24 She did X — what happens next will shock you,1,3,0.125,0.125,0.125,0.625
14609,56 Atviro kodo bibliotekos pagreitina mašininio mokymosi procesus,7,0,0.906,0.031,0.031,0.031
8811,46 She did X — what happens next will shock you,1,3,0.125,0.125,0.125,0.625
974,Major security breach affects millions of users worldwide after report (Madrid),9,0,0.924,0.025,0.025,0.025
30397,5 Star player signs a multi-year contract with club (Kaunas),8,2,0.028,0.028,0.916,0.028
8221,77 Stock market falls amid inflation concerns dėl rinkos reakcijos,8,2,0.028,0.028,0.916,0.028
32288,30 Kaip pagreitinti kompiuterį paprastais triukais,4,2,0.05,0.05,0.85,0.05
1843,27 Earnings beat expectations as revenue grows in cloud segment (Vilnius),8,1,0.028,0.916,0.028,0.028
35694,This trick will change your life forever — Find out why (Paris),2,1,0.086,0.742,0.085,0.087
5242,45 Perėjimų gandai: jaunas puolėjas gali kainuoti rekordą,7,3,0.031,0.031,0.031,0.906
5476,99 Vietos komanda laimėjo nacionalinį čempionatą pratęsimuose,6,0,0.893,0.036,0.036,0.036
30961,97 10 reasons you should never buy this gadget,3,1,0.063,0.812,0.063,0.063
1227,You won't believe what happened next (Kaunas),2,3,0.088,0.09,0.089,0.733
1720,Star player signs a multi-year contract with club (New York),9,2,0.025,0.025,0.924,0.025
29473,5 Transfer rumors suggest a record deal for the young striker (London),8,0,0.916,0.028,0.028,0.028
472,You won't believe what happened next — Find out why,1,3,0.125,0.125,0.125,0.625
528,Šis triukas pakeis jūsų gyvenimą amžiams (New York),7,2,0.031,0.031,0.905,0.032
1355,Žvaigždė pasirašė daugiametę sutartį su klubu (Madrid),6,2,0.036,0.036,0.892,0.036
4872,74 Stock market falls amid inflation concerns,6,2,0.036,0.036,0.893,0.036
19073,30 Messi scores a stunning goal in the Champions League match,7,3,0.031,0.031,0.031,0.906
26895,11 Perėjimų gandai: jaunas puolėjas gali kainuoti rekordą as markets react,9,3,0.025,0.025,0.025,0.925
21795,78 Open-source libraries accelerate machine learning workflows analitikų teigimu (Madrid),10,1,0.023,0.931,0.023,0.023
38526,Kaip pagreitinti kompiuterį paprastais triukais dėl rinkos reakcijos (Kaunas),7,2,0.032,0.032,0.905,0.032
961,Treneris aiškino naują gynybos taktiką po rungtynių (Madrid),7,0,0.905,0.032,0.032,0.032
27966,Analysts predict record profits for the banking sector analitikų teigimu (London),9,0,0.924,0.026,0.026,0.025
10969,73 Startuolis pritraukė 50 mln. USD DI platformos plėtrai,7,3,0.031,0.031,0.031,0.906
18305,11 Major security breach affects millions of users worldwide analitikų teigimu,9,0,0.924,0.025,0.026,0.025
418,Stock market falls amid inflation concerns analitikų teigimu,8,2,0.028,0.028,0.916,0.028
31761,Star player signs a multi-year contract with club analitikų teigimu (Madrid),10,2,0.023,0.023,0.931,0.023
9992,30 Žvaigždė pasirašė daugiametę sutartį su klubu,5,2,0.042,0.042,0.875,0.042
8357,Kaip pagreitinti kompiuterį paprastais triukais in a surprise move (Vilnius),6,2,0.036,0.036,0.89,0.037
28523,5 Major security breach affects millions of users worldwide after report,8,0,0.916,0.028,0.028,0.028
3743,57 She did X — what happens next will shock you — Find out why,1,3,0.125,0.125,0.125,0.625
36478,24 You won't believe what happened next,1,3,0.125,0.125,0.125,0.625
24698,80 „Apple“ pristatė naują iPhone su pažangia kamera ir DI funkcijomis,8,3,0.028,0.028,0.028,0.916
47997,"45 Negalėsite patikėti, kas įvyko toliau (Paris)",5,2,0.042,0.042,0.873,0.042
24954,Atviro kodo bibliotekos pagreitina mašininio mokymosi procesus analitikų teigimu (Madrid),10,0,0.93,0.023,0.023,0.023
16334,47 Coach explains new defensive tactics after the game,6,3,0.036,0.036,0.036,0.892
548,91 Investors hedge inflation risk using index-linked bonds (Madrid),9,3,0.025,0.025,0.025,0.924
25619,35 Vietos komanda laimėjo nacionalinį čempionatą pratęsimuose,6,0,0.893,0.036,0.036,0.036
168,Startuolis pritraukė 50 mln. USD DI platformos plėtrai,7,3,0.031,0.031,0.031,0.906
11973,85 Star player signs a multi-year contract with club analitikų teigimu,9,2,0.025,0.025,0.925,0.025
14674,24 Atviro kodo bibliotekos pagreitina mašininio mokymosi procesus,7,0,0.906,0.031,0.031,0.031
30805,56 Open-source libraries accelerate machine learning workflows (New York),9,1,0.026,0.726,0.027,0.222
2687,93 Investors hedge inflation risk using index-linked bonds,8,3,0.028,0.028,0.028,0.916
35358,92 Messi įmušė įspūdingą įvartį Lygų taurėje (Madrid),7,3,0.031,0.032,0.031,0.905
47511,75 Investors hedge inflation risk using index-linked bonds in a surprise move,9,3,0.025,0.025,0.025,0.925
15860,22 Transfer rumors suggest a record deal for the young striker,7,0,0.906,0.031,0.031,0.031
6601,32 Žvaigždė pasirašė daugiametę sutartį su klubu,5,2,0.042,0.042,0.875,0.042
2056,64 Stock market falls amid inflation concerns,6,2,0.036,0.036,0.893,0.036
39270,2 Major security breach affects millions of users worldwide,7,0,0.906,0.031,0.031,0.031
39584,95 Perėjimų gandai: jaunas puolėjas gali kainuoti rekordą in a surprise move,8,3,0.028,0.028,0.028,0.916
39581,"81 Top 7 paslaptys, kurias įmonės nenori, kad žinotumėte — You won't believe it",4,0,0.85,0.05,0.05,0.05
29205,100 Major security breach affects millions of users worldwide,7,0,0.906,0.031,0.031,0.031
2689,81 Žvaigždė pasirašė daugiametę sutartį su klubu,5,2,0.042,0.042,0.875,0.042
3647,92 Open-source libraries accelerate machine learning workflows,7,1,0.031,0.906,0.031,0.031
20740,53 Coach explains new defensive tactics after the game dėl rinkos reakcijos,8,3,0.028,0.028,0.029,0.915
18919,You won't believe what happened next — Read more (New York),4,3,0.051,0.25,0.052,0.647
49648,"41 Top 7 paslaptys, kurias įmonės nenori, kad žinotumėte — You won't believe it",4,0,0.85,0.05,0.05,0.05
15373,"Ji padarė X — kas nutiks toliau, pribloškia — Find out why (Vilnius)",6,2,0.036,0.036,0.891,0.036
42238,94 This trick will change your life forever — Number 5 is shocking,1,1,0.125,0.625,0.125,0.125
33079,21 Didelė saugumo spraga paveikė milijonus vartotojų,6,2,0.036,0.036,0.893,0.036
9039,16 10 reasons you should never buy this gadget,3,1,0.063,0.812,0.063,0.063
5725,42 This trick will change your life forever,1,1,0.125,0.625,0.125,0.125
464,"95 Ji padarė X — kas nutiks toliau, pribloškia",5,2,0.042,0.042,0.875,0.042
6468,24 10 reasons you should never buy this gadget,3,1,0.063,0.812,0.063,0.063
1437,43 Treneris aiškino naują gynybos taktiką po rungtynių,6,0,0.893,0.036,0.036,0.036
42063,2 Top 7 secrets companies don't want you to know,5,0,0.875,0.042,0.042,0.042
914,Žvaigždė pasirašė daugiametę sutartį su klubu (New York),7,2,0.031,0.031,0.905,0.032
19556,34 This trick will change your life forever,1,1,0.125,0.625,0.125,0.125
39108,"36 Ji padarė X — kas nutiks toliau, pribloškia",5,2,0.042,0.042,0.875,0.042
48563,47 Kaip pagreitinti kompiuterį paprastais triukais as markets react,6,2,0.036,0.036,0.891,0.037
1881,21 Analysts predict record profits for the banking sector (Berlin),7,0,0.904,0.032,0.032,0.032
8752,"83 10 priežasčių, kodėl niekada nepirkti šio daikto",6,1,0.036,0.893,0.036,0.036
479,14 Startuolis pritraukė 50 mln. USD DI platformos plėtrai,7,3,0.031,0.031,0.031,0.906
35184,Transfer rumors suggest a record deal for the young striker po pranešimo (Kaunas),9,0,0.924,0.025,0.025,0.025
13758,76 10 reasons you should never buy this gadget (London),4,1,0.051,0.849,0.05,0.05
16245,"10 priežasčių, kodėl niekada nepirkti šio daikto — Number 5 is shocking (Kaunas)",7,1,0.031,0.906,0.032,0.031
880,„Apple“ pristatė naują iPhone su pažangia kamera ir DI funkcijomis (New York),10,3,0.023,0.023,0.023,0.931
1171,22 She did X — what happens next will shock you,1,3,0.125,0.125,0.125,0.625
33321,84 Open-source libraries accelerate machine learning workflows,7,1,0.031,0.906,0.031,0.031
4065,79 She did X — what happens next will shock you,1,3,0.125,0.125,0.125,0.625
45766,12 Didelė saugumo spraga paveikė milijonus vartotojų,6,2,0.036,0.036,0.893,0.036
837,Stock market falls amid inflation concerns po pranešimo (Kaunas),8,2,0.028,0.028,0.915,0.028
4028,Atviro kodo bibliotekos pagreitina mašininio mokymosi procesus dėl rinkos reakcijos (Berlin),10,0,0.93,0.023,0.024,0.023
8963,Perėjimų gandai: jaunas puolėjas gali kainuoti rekordą po pranešimo (Berlin),9,3,0.025,0.025,0.025,0.924
35402,34 This trick will change your life forever — You won't believe it (Kaunas),2,1,0.086,0.743,0.086,0.085
21578,27 You won't believe what happened next — You won't believe it,1,3,0.125,0.125,0.125,0.625
16049,61 Atviro kodo bibliotekos pagreitina mašininio mokymosi procesus — analysts say,9,0,0.925,0.025,0.025,0.025
29744,"7 Negalėsite patikėti, kas įvyko toliau",4,2,0.05,0.05,0.85,0.05
9762,47 Apple unveils a new iPhone with advanced camera and AI features,8,2,0.028,0.028,0.916,0.029
30487,66 Stock market falls amid inflation concerns,6,2,0.036,0.036,0.893,0.036
245,Vietos komanda laimėjo nacionalinį čempionatą pratęsimuose analitikų teigimu,8,0,0.915,0.028,0.029,0.028
43102,49 Major security breach affects millions of users worldwide,7,0,0.906,0.031,0.031,0.031
1177,Žvaigždė pasirašė daugiametę sutartį su klubu as markets react,7,2,0.032,0.031,0.905,0.032
48320,25 „Apple“ pristatė naują iPhone su pažangia kamera ir DI funkcijomis (Madrid),9,3,0.025,0.025,0.026,0.924
